shortcode,username,date_utc,url_thumbnail,url_media,is_video,is_sponsored,hashtags,mentions,caption,video_view_count,video_length,likes,comments,likes+comments,location_name,location_latlong
,,,,,,,,,,,,,,,,
CH_ReX4JLKI,albertsons,11/24/2020 21:30,https://scontent-iad3-1.cdninstagram.com/v/t51.2885-15/e35/125782957_839720816867989_4768152296347244294_n.jpg?_nc_ht=scontent-iad3-1.cdninstagram.com&_nc_cat=101&_nc_ohc=_aUzDi2k23gAX_BLpSM&tp=1&oh=34d7afcaa826b8b4df5bd8556aea37a7&oe=5FE58E14,https://scontent-iad3-1.cdninstagram.com/v/t51.2885-15/e35/125782957_839720816867989_4768152296347244294_n.jpg?_nc_ht=scontent-iad3-1.cdninstagram.com&_nc_cat=101&_nc_ohc=_aUzDi2k23gAX_BLpSM&tp=1&oh=34d7afcaa826b8b4df5bd8556aea37a7&oe=5FE58E14,no,FALSE,,,"Everyone loves Thanksgiving food, but how about drinks? Toast to all you’re grateful for with some great drink inspo on our story :clinking_glasses:",0,0,54,2,56,,
,,,,,,,,,,,,,,,,
CH8oymQjWvX,albertsons,11/23/2020 20:56,https://scontent-iad3-1.cdninstagram.com/v/t51.2885-15/e35/s1080x1080/126858691_178609430568878_8592132282082977841_n.jpg?_nc_ht=scontent-iad3-1.cdninstagram.com&_nc_cat=102&_nc_ohc=v6HHS_FTEhMAX9JTW25&tp=1&oh=966581ea215cbc84c067b2ecad4d7b4f&oe=5FE5A620,https://scontent-iad3-1.cdninstagram.com/v/t51.2885-15/e35/s1080x1080/126858691_178609430568878_8592132282082977841_n.jpg?_nc_ht=scontent-iad3-1.cdninstagram.com&_nc_cat=102&_nc_ohc=v6HHS_FTEhMAX9JTW25&tp=1&oh=966581ea215cbc84c067b2ecad4d7b4f&oe=5FE5A620,no,FALSE,,,Thanksgiving is as much about the sides as it is about the turkey! What are you looking forward to most? Drop your favs in the comments :fork_and_knife_with_plate:,0,0,74,2,76,,
,,,,,,,,,,,,,,,,
CH6nLrDhvvQ,albertsons,11/23/2020 2:03,https://scontent-iad3-1.cdninstagram.com/v/t51.2885-15/e35/s1080x1080/126858332_199365611659568_6171162590095164002_n.jpg?_nc_ht=scontent-iad3-1.cdninstagram.com&_nc_cat=108&_nc_ohc=Zs8_9GzlCqoAX-kvM_m&tp=1&oh=c849338e0ede2f931b5332b9cbfb4da9&oe=5FE6C98C,https://scontent-iad3-1.cdninstagram.com/v/t51.2885-15/e35/s1080x1080/126858332_199365611659568_6171162590095164002_n.jpg?_nc_ht=scontent-iad3-1.cdninstagram.com&_nc_cat=108&_nc_ohc=Zs8_9GzlCqoAX-kvM_m&tp=1&oh=c849338e0ede2f931b5332b9cbfb4da9&oe=5FE6C98C,no,FALSE,,,Keep the season sweet with baked treats straight from our bakery–we’ve got the whipped cream too! :smiling_face_with_heart-eyes:,0,0,111,5,116,,
,,,,,,,,,,,,,,,,
CH31wLeAbcq,albertsons,11/22/2020 0:13,https://scontent-iad3-1.cdninstagram.com/v/t51.2885-15/e35/126517814_400445174638952_5740962058851753991_n.jpg?_nc_ht=scontent-iad3-1.cdninstagram.com&_nc_cat=108&_nc_ohc=QL3V-GTs7iYAX_0_YGa&tp=1&oh=e790fbd0c70be273f6bd680cc3e8aecc&oe=5FE86677,https://scontent-iad3-1.cdninstagram.com/v/t51.2885-15/e35/126517814_400445174638952_5740962058851753991_n.jpg?_nc_ht=scontent-iad3-1.cdninstagram.com&_nc_cat=108&_nc_ohc=QL3V-GTs7iYAX_0_YGa&tp=1&oh=e790fbd0c70be273f6bd680cc3e8aecc&oe=5FE86677,no,FALSE,,,"Stuffing is one of our favorite parts of Thanksgiving! We’ve got all kinds of ways to incorporate stuffing into every meal, holiday or not, on our story today!",0,0,105,10,115,,
,,,,,,,,,,,,,,,,
CH0WfCuhWL-,albertsons,11/20/2020 15:42,https://scontent-iad3-1.cdninstagram.com/v/t51.2885-15/e35/p1080x1080/125939973_3324588547609388_6227353753747617351_n.jpg?_nc_ht=scontent-iad3-1.cdninstagram.com&_nc_cat=108&_nc_ohc=FN1Umo3J3LUAX-42Fnl&tp=1&oh=a77165ae896bcb9541116ced2f5599f4&oe=5FE606F6,https://scontent-iad3-1.cdninstagram.com/v/t51.2885-15/e35/p1080x1080/125939973_3324588547609388_6227353753747617351_n.jpg?_nc_ht=scontent-iad3-1.cdninstagram.com&_nc_cat=108&_nc_ohc=FN1Umo3J3LUAX-42Fnl&tp=1&oh=a77165ae896bcb9541116ced2f5599f4&oe=5FE606F6,no,FALSE,,,"Turkey, ham, prime rib... oh my! What’s your family cooking up this year?",0,0,110,5,115,,
,,,,,,,,,,,,,,,,
CHx7ob3gkOr,albertsons,11/19/2020 17:09,https://scontent-iad3-1.cdninstagram.com/v/t51.2885-15/e35/126825636_4030407306974981_847077869120163093_n.jpg?_nc_ht=scontent-iad3-1.cdninstagram.com&_nc_cat=105&_nc_ohc=qY5PFamH1XAAX8I2nQC&tp=1&oh=921e93bb60f4104ccb78c88b8e55e58e&oe=5FE91EA6,https://scontent-iad3-1.cdninstagram.com/v/t51.2885-15/e35/126825636_4030407306974981_847077869120163093_n.jpg?_nc_ht=scontent-iad3-1.cdninstagram.com&_nc_cat=105&_nc_ohc=qY5PFamH1XAAX8I2nQC&tp=1&oh=921e93bb60f4104ccb78c88b8e55e58e&oe=5FE91EA6,no,FALSE,linkinbio,,Put this new twist on pumpkin pie on your Thanksgiving menu –Pumpkin Pie Baked Alaska! Recipe at the #LinkInBio,0,0,81,8,89,,
,,,,,,,,,,,,,,,,
CHvWJiQgGyL,albertsons,11/18/2020 17:03,https://scontent-iad3-1.cdninstagram.com/v/t51.2885-15/e35/s1080x1080/126162024_397696911415071_6535019817012074907_n.jpg?_nc_ht=scontent-iad3-1.cdninstagram.com&_nc_cat=103&_nc_ohc=dlggvzj5et0AX_THge0&tp=1&oh=265c1b3a1116ed2a423fc35acbe0ba69&oe=5FE694BE,https://scontent-iad3-1.cdninstagram.com/v/t51.2885-15/e35/s1080x1080/126162024_397696911415071_6535019817012074907_n.jpg?_nc_ht=scontent-iad3-1.cdninstagram.com&_nc_cat=103&_nc_ohc=dlggvzj5et0AX_THge0&tp=1&oh=265c1b3a1116ed2a423fc35acbe0ba69&oe=5FE694BE,no,FALSE,debilillydesign,debililly,Decorating for the holidays? Look at this amazing @debililly tablescape - moving right from one holiday to the next with just a change in colors. :smiling_face_with_heart-eyes: #debilillydesign,0,0,77,4,81,,
,,,,,,,,,,,,,,,,
CHs7UrCgs2u,albertsons,11/17/2020 18:30,https://scontent-iad3-1.cdninstagram.com/v/t51.2885-15/e35/s1080x1080/125341099_137139447750485_5172570818214599755_n.jpg?_nc_ht=scontent-iad3-1.cdninstagram.com&_nc_cat=105&_nc_ohc=GTSi7jExP7EAX_M9C_P&tp=1&oh=13f382909316beebbd5d4b979681cbbc&oe=5FE7FA48,https://scontent-iad3-1.cdninstagram.com/v/t51.2885-15/e35/s1080x1080/125341099_137139447750485_5172570818214599755_n.jpg?_nc_ht=scontent-iad3-1.cdninstagram.com&_nc_cat=105&_nc_ohc=GTSi7jExP7EAX_M9C_P&tp=1&oh=13f382909316beebbd5d4b979681cbbc&oe=5FE7FA48,no,FALSE,,,We’re counting the days until Thanksgiving! Find the best deals and get your Thanksgiving shopping done early at your local store!,0,0,78,5,83,,
,,,,,,,,,,,,,,,,
CHqny14ALaO,albertsons,11/16/2020 21:01,https://scontent-iad3-1.cdninstagram.com/v/t51.2885-15/e35/125371282_690609291637709_2854415824775284909_n.jpg?_nc_ht=scontent-iad3-1.cdninstagram.com&_nc_cat=105&_nc_ohc=aYQ_OdhEP9YAX8D6MCo&tp=1&oh=8d29181434ccd90737a662c2046839cf&oe=5FE57FA5,https://scontent-iad3-1.cdninstagram.com/v/t51.2885-15/e35/125371282_690609291637709_2854415824775284909_n.jpg?_nc_ht=scontent-iad3-1.cdninstagram.com&_nc_cat=105&_nc_ohc=aYQ_OdhEP9YAX8D6MCo&tp=1&oh=8d29181434ccd90737a662c2046839cf&oe=5FE57FA5,no,FALSE,,lenaskitchenblog,Homemade candy is twice as good as store bought. These nut butter cups are easy and delicious –the recipe from @lenaskitchenblog is up on our story!,0,0,78,3,81,,
,,,,,,,,,,,,,,,,
CHnZkmQgARD,albertsons,11/15/2020 14:59,https://scontent-iad3-1.cdninstagram.com/v/t51.2885-15/e35/125206385_789126438307150_922217675277138625_n.jpg?_nc_ht=scontent-iad3-1.cdninstagram.com&_nc_cat=110&_nc_ohc=c2s1R1_yNBEAX_g3Pd9&tp=1&oh=44f54fc5c722c83527e09368c6a2ef35&oe=5FE7FF07,https://scontent-iad3-1.cdninstagram.com/v/t51.2885-15/e35/125206385_789126438307150_922217675277138625_n.jpg?_nc_ht=scontent-iad3-1.cdninstagram.com&_nc_cat=110&_nc_ohc=c2s1R1_yNBEAX_g3Pd9&tp=1&oh=44f54fc5c722c83527e09368c6a2ef35&oe=5FE7FF07,no,FALSE,americarecyclesday,,Happy #AmericaRecyclesDay! Recycling materials like paper or plastic gives them a second life when they are turned into new products. Join us in celebrating by recycling at home and buying products made with recycled content.,0,0,77,4,81,,
,,,,,,,,,,,,,,,,
CHktzKJAEaF,albertsons,11/14/2020 13:58,https://scontent-iad3-1.cdninstagram.com/v/t51.2885-15/e35/125217839_402665551111963_3747766179687338578_n.jpg?_nc_ht=scontent-iad3-1.cdninstagram.com&_nc_cat=107&_nc_ohc=Yw6naK-wEgkAX-hFJn5&tp=1&oh=5473007ab8c38914a9bb761ed80260b3&oe=5FE600D1,https://scontent-iad3-1.cdninstagram.com/v/t51.2885-15/e35/125217839_402665551111963_3747766179687338578_n.jpg?_nc_ht=scontent-iad3-1.cdninstagram.com&_nc_cat=107&_nc_ohc=Yw6naK-wEgkAX-hFJn5&tp=1&oh=5473007ab8c38914a9bb761ed80260b3&oe=5FE600D1,no,FALSE,diwali2020,,Today marks the first day of Diwali! The five-day Festival of Lights originates in India but is celebrated by people all over the world. Are you celebrating? #Diwali2020,0,0,81,2,83,,
,,,,,,,,,,,,,,,,
CHivrGKBg5I,albertsons,11/13/2020 19:35,https://scontent-iad3-1.cdninstagram.com/v/t51.2885-15/e35/s1080x1080/125328688_865989823940172_3470928386496194463_n.jpg?_nc_ht=scontent-iad3-1.cdninstagram.com&_nc_cat=100&_nc_ohc=i7belAFx7sAAX_LeP9Z&tp=1&oh=c8f18ae2ba76680de1ba86f32f50e8f7&oe=5FE5E46E,https://scontent-iad3-1.cdninstagram.com/v/t51.2885-15/e35/s1080x1080/125328688_865989823940172_3470928386496194463_n.jpg?_nc_ht=scontent-iad3-1.cdninstagram.com&_nc_cat=100&_nc_ohc=i7belAFx7sAAX_LeP9Z&tp=1&oh=c8f18ae2ba76680de1ba86f32f50e8f7&oe=5FE5E46E,no,FALSE,,,Today is World Kindness Day! We’ve put together some of our favorite foods to be kind to ourselves and our stomachs... which comfort food are you craving?,0,0,107,6,113,,
,,,,,,,,,,,,,,,,
CHgQYi5F_lH,albertsons,11/12/2020 20:24,https://scontent-iad3-1.cdninstagram.com/v/t51.2885-15/e35/124625618_3472943326120142_8273757928106428138_n.jpg?_nc_ht=scontent-iad3-1.cdninstagram.com&_nc_cat=102&_nc_ohc=QvshyldxslIAX83GGhE&tp=1&oh=88cea5f14f1afea0fbbc916febda7103&oe=5FE937E6,https://scontent-iad3-1.cdninstagram.com/v/t51.2885-15/e35/124625618_3472943326120142_8273757928106428138_n.jpg?_nc_ht=scontent-iad3-1.cdninstagram.com&_nc_cat=102&_nc_ohc=QvshyldxslIAX83GGhE&tp=1&oh=88cea5f14f1afea0fbbc916febda7103&oe=5FE937E6,no,FALSE,,,Tikka masala anyone? We made extra :grinning_face_with_big_eyes:,0,0,106,8,114,,
,,,,,,,,,,,,,,,,
CHdNYRFAYEr,albertsons,11/11/2020 16:00,https://scontent-iad3-1.cdninstagram.com/v/t51.2885-15/e35/s1080x1080/124439422_173001134454244_1748779935235905409_n.jpg?_nc_ht=scontent-iad3-1.cdninstagram.com&_nc_cat=104&_nc_ohc=zpfi-2bKrlkAX-rqugL&tp=1&oh=3b5aef62dbd7de76e8fb9deed8a7c0be&oe=5FE5B63D,https://scontent-iad3-1.cdninstagram.com/v/t51.2885-15/e35/s1080x1080/124439422_173001134454244_1748779935235905409_n.jpg?_nc_ht=scontent-iad3-1.cdninstagram.com&_nc_cat=104&_nc_ohc=zpfi-2bKrlkAX-rqugL&tp=1&oh=3b5aef62dbd7de76e8fb9deed8a7c0be&oe=5FE5B63D,no,FALSE,,,"Today is Veteran’s Day, so we are thanking everyone who has served our country bravely. :red_heart_selector::blue_heart:",0,0,107,4,111,,
,,,,,,,,,,,,,,,,
CHbjv5OnuZ2,albertsons,11/11/2020 0:37,https://scontent-iad3-1.cdninstagram.com/v/t51.2885-15/e35/124267531_395408258264387_8112664959825290204_n.jpg?_nc_ht=scontent-iad3-1.cdninstagram.com&_nc_cat=111&_nc_ohc=CAzhNU_FWyoAX-HqxD8&tp=1&oh=cc21a359629c14fdc78403bddb29cbd8&oe=5FE55B61,https://scontent-iad3-1.cdninstagram.com/v/t51.2885-15/e35/124267531_395408258264387_8112664959825290204_n.jpg?_nc_ht=scontent-iad3-1.cdninstagram.com&_nc_cat=111&_nc_ohc=CAzhNU_FWyoAX-HqxD8&tp=1&oh=cc21a359629c14fdc78403bddb29cbd8&oe=5FE55B61,no,FALSE,,thesuburbansoapbox,It’s Taco Tuesday! @thesuburbansoapbox has a great way to celebrate –peep our  story  for the  how-to :taco:,0,0,116,5,121,,
,,,,,,,,,,,,,,,,
CHYXBDqghL6,albertsons,11/9/2020 18:48,https://scontent-iad3-1.cdninstagram.com/v/t51.2885-15/e35/124142203_218972616274611_1257494989504824912_n.jpg?_nc_ht=scontent-iad3-1.cdninstagram.com&_nc_cat=103&_nc_ohc=w1CTNIg0HEsAX_VyQVf&tp=1&oh=ee4d612ac2768d80e44b5a1254f0ddd5&oe=5FE8324C,https://scontent-iad3-1.cdninstagram.com/v/t51.2885-15/e35/124142203_218972616274611_1257494989504824912_n.jpg?_nc_ht=scontent-iad3-1.cdninstagram.com&_nc_cat=103&_nc_ohc=w1CTNIg0HEsAX_VyQVf&tp=1&oh=ee4d612ac2768d80e44b5a1254f0ddd5&oe=5FE8324C,no,FALSE,,,Cheeseboards aren’t just for parties! Mix and match flavors for the family or a festive snack :face_savoring_food:,0,0,92,4,96,,
,,,,,,,,,,,,,,,,
CHWluLggKYd,albertsons,11/9/2020 2:18,https://scontent-iad3-1.cdninstagram.com/v/t51.2885-15/e35/123831754_825057114995687_858726730532056451_n.jpg?_nc_ht=scontent-iad3-1.cdninstagram.com&_nc_cat=111&_nc_ohc=IrhdQ-g3oysAX9qU38W&tp=1&oh=1f330354f8978866c8b210712c5a5bcf&oe=5FE7EEA6,https://scontent-iad3-1.cdninstagram.com/v/t51.2885-15/e35/123831754_825057114995687_858726730532056451_n.jpg?_nc_ht=scontent-iad3-1.cdninstagram.com&_nc_cat=111&_nc_ohc=IrhdQ-g3oysAX9qU38W&tp=1&oh=1f330354f8978866c8b210712c5a5bcf&oe=5FE7EEA6,no,FALSE,,,Let us do the hard work and enjoy prepared holiday meals with all the fixings. Simply re-heat and enjoy. Order now at the link in our bio! :hugging_face:,0,0,128,10,138,,
,,,,,,,,,,,,,,,,
CHQ5OQmgE1m,albertsons,11/6/2020 21:13,https://scontent-iad3-1.cdninstagram.com/v/t51.2885-15/e35/s1080x1080/123653936_155580562912889_4513256447298890759_n.jpg?_nc_ht=scontent-iad3-1.cdninstagram.com&_nc_cat=105&_nc_ohc=6XXxbublLEUAX8tTI1R&tp=1&oh=7c34c5520995e392b28432d1e40e7cd2&oe=5FE7303D,https://scontent-iad3-1.cdninstagram.com/v/t51.2885-15/e35/s1080x1080/123653936_155580562912889_4513256447298890759_n.jpg?_nc_ht=scontent-iad3-1.cdninstagram.com&_nc_cat=105&_nc_ohc=6XXxbublLEUAX8tTI1R&tp=1&oh=7c34c5520995e392b28432d1e40e7cd2&oe=5FE7303D,no,FALSE,,,"Keep it fresh with an apple kale walnut salad! After all, apples are in season :red_apple:",0,0,69,4,73,,
,,,,,,,,,,,,,,,,
CHOok2MjVRB,albertsons,11/6/2020 0:09,https://scontent-iad3-1.cdninstagram.com/v/t51.2885-15/e35/s1080x1080/123587323_205537237601361_5722704004987169169_n.jpg?_nc_ht=scontent-iad3-1.cdninstagram.com&_nc_cat=109&_nc_ohc=eGDDutE--TIAX8axB99&tp=1&oh=0eaa734647bf38384d672949450668a5&oe=5FE59D0E,https://scontent-iad3-1.cdninstagram.com/v/t51.2885-15/e35/s1080x1080/123587323_205537237601361_5722704004987169169_n.jpg?_nc_ht=scontent-iad3-1.cdninstagram.com&_nc_cat=109&_nc_ohc=eGDDutE--TIAX8axB99&tp=1&oh=0eaa734647bf38384d672949450668a5&oe=5FE59D0E,no,FALSE,,,"Which one of these is calling to you? We’re thinking pot stickers –frozen, fresh, or homemade!",0,0,68,7,75,,
,,,,,,,,,,,,,,,,
CHMABVyAO0q,albertsons,11/4/2020 23:36,https://scontent-iad3-1.cdninstagram.com/v/t51.2885-15/e35/p1080x1080/123504440_361560918470557_4014018252434197428_n.jpg?_nc_ht=scontent-iad3-1.cdninstagram.com&_nc_cat=101&_nc_ohc=eq1dAn9DKUYAX_PBkca&tp=1&oh=266828e89c7826c6a2c81e6003b21f94&oe=5FE91BD8,https://scontent-iad3-1.cdninstagram.com/v/t51.2885-15/e35/p1080x1080/123504440_361560918470557_4014018252434197428_n.jpg?_nc_ht=scontent-iad3-1.cdninstagram.com&_nc_cat=101&_nc_ohc=eq1dAn9DKUYAX_PBkca&tp=1&oh=266828e89c7826c6a2c81e6003b21f94&oe=5FE91BD8,no,FALSE,,unicornsinthekitchen,This meatball skillet has your name written all over it for dinner tonight :drooling_face:Check our story for the easy recipe from @unicornsinthekitchen,0,0,79,5,84,,
,,,,,,,,,,,,,,,,
CHIudZ2ABR8,albertsons,11/3/2020 17:05,https://scontent-iad3-1.cdninstagram.com/v/t51.2885-15/e35/123395245_3320007944747234_735344400979608090_n.jpg?_nc_ht=scontent-iad3-1.cdninstagram.com&_nc_cat=102&_nc_ohc=Ea3U4WgSuRgAX8xWqkV&tp=1&oh=02d42bf98217417e597cd3bf2c71661e&oe=5FE7CB1E,https://scontent-iad3-1.cdninstagram.com/v/t51.2885-15/e35/123395245_3320007944747234_735344400979608090_n.jpg?_nc_ht=scontent-iad3-1.cdninstagram.com&_nc_cat=102&_nc_ohc=Ea3U4WgSuRgAX8xWqkV&tp=1&oh=02d42bf98217417e597cd3bf2c71661e&oe=5FE7CB1E,no,FALSE,,,We’re thinking soup for the family this week. What’s your go-to slow-cooker soup?,0,0,91,4,95,,
,,,,,,,,,,,,,,,,
CHGSPksAlup,albertsons,11/2/2020 18:20,https://scontent-iad3-1.cdninstagram.com/v/t51.2885-15/e35/s1080x1080/123597031_369112721201699_4588213144484659397_n.jpg?_nc_ht=scontent-iad3-1.cdninstagram.com&_nc_cat=111&_nc_ohc=MiiLj9hmcoMAX_8Epmn&tp=1&oh=a0177073a0c06776a1776079017040b5&oe=5FE626EC,https://scontent-iad3-1.cdninstagram.com/v/t51.2885-15/e35/s1080x1080/123597031_369112721201699_4588213144484659397_n.jpg?_nc_ht=scontent-iad3-1.cdninstagram.com&_nc_cat=111&_nc_ohc=MiiLj9hmcoMAX_8Epmn&tp=1&oh=a0177073a0c06776a1776079017040b5&oe=5FE626EC,no,FALSE,debilillydesign,debililly,Today is the last day of Dia de los Muertos! We’re celebrating all of our loved ones who are not longer with us :smiling_face_with_halo: Beautiful arrangement from @debililly #debilillydesign,0,0,111,4,115,,
,,,,,,,,,,,,,,,,
CHDgPach53p,albertsons,11/1/2020 16:24,https://scontent-iad3-1.cdninstagram.com/v/t51.2885-15/e35/p1080x1080/123324998_995253234628641_8175789625400065936_n.jpg?_nc_ht=scontent-iad3-1.cdninstagram.com&_nc_cat=109&_nc_ohc=QTaxnsJ45f4AX-vQtsf&tp=1&oh=b917242a3c6597d81a8118ef03a3b992&oe=5FE60EA0,https://scontent-iad3-1.cdninstagram.com/v/t51.2885-15/e35/p1080x1080/123324998_995253234628641_8175789625400065936_n.jpg?_nc_ht=scontent-iad3-1.cdninstagram.com&_nc_cat=109&_nc_ohc=QTaxnsJ45f4AX-vQtsf&tp=1&oh=b917242a3c6597d81a8118ef03a3b992&oe=5FE60EA0,no,FALSE,,ellaclaireblog,Use that extra hour we got this morning to make an extra good breakfast! Check our story for this great idea from @ellaclaireblog –or just sleep in. We get it :sleeping_face:,0,0,81,3,84,,
,,,,,,,,,,,,,,,,
CHA13dyggSA,albertsons,10/31/2020 15:36,https://scontent-iad3-1.cdninstagram.com/v/t51.2885-15/fr/e15/p1080x1080/123035267_1790490281103727_8568586547037540265_n.jpg?_nc_ht=scontent-iad3-1.cdninstagram.com&_nc_cat=107&_nc_ohc=bL5pJPEtEIwAX_mDLUs&tp=1&oh=8755fd3610d0622e4e5d518a10a88e89&oe=5FC05F4E,https://scontent-iad3-1.cdninstagram.com/v/t50.2886-16/123309040_431570058235875_7780091435565736837_n.mp4?_nc_ht=scontent-iad3-1.cdninstagram.com&_nc_cat=103&_nc_ohc=z9wHMF_Z7HYAX_c0uCp&oe=5FC069C9&oh=30e65d79f8b5d712ff83bf864bde1c7f,yes,FALSE,,,BOO! Happy Halloween! :jack-o-lantern::ghost::bat:,545,30.366,40,5,45,,
,,,,,,,,,,,,,,,,
CG-uzjKFCDK,albertsons,10/30/2020 19:55,https://scontent-iad3-1.cdninstagram.com/v/t51.2885-15/e35/p1080x1080/123024745_380254423166476_3502057565259143319_n.jpg?_nc_ht=scontent-iad3-1.cdninstagram.com&_nc_cat=104&_nc_ohc=yySQJRGr_CMAX-ldQMZ&tp=1&oh=8f786cd7835157c306745f6cc2d6b73c&oe=5FE773F8,https://scontent-iad3-1.cdninstagram.com/v/t51.2885-15/e35/p1080x1080/123024745_380254423166476_3502057565259143319_n.jpg?_nc_ht=scontent-iad3-1.cdninstagram.com&_nc_cat=104&_nc_ohc=yySQJRGr_CMAX-ldQMZ&tp=1&oh=8f786cd7835157c306745f6cc2d6b73c&oe=5FE773F8,no,FALSE,,,Sweeten up your Halloween with some desserts that are scary delicious (and scary cute!) Check out our story or stop by your store for ideas and inspiration!,0,0,128,6,134,,
,,,,,,,,,,,,,,,,
CG8R8mHgBYW,albertsons,10/29/2020 21:05,https://scontent-iad3-1.cdninstagram.com/v/t51.2885-15/e35/123059237_1022711941528540_5005718643180549655_n.jpg?_nc_ht=scontent-iad3-1.cdninstagram.com&_nc_cat=104&_nc_ohc=rGbHJ6c3xxoAX_801tY&tp=1&oh=9629d171c9332c63a957d06b605ee0d4&oe=5FE7F618,https://scontent-iad3-1.cdninstagram.com/v/t51.2885-15/e35/123059237_1022711941528540_5005718643180549655_n.jpg?_nc_ht=scontent-iad3-1.cdninstagram.com&_nc_cat=104&_nc_ohc=rGbHJ6c3xxoAX_801tY&tp=1&oh=9629d171c9332c63a957d06b605ee0d4&oe=5FE7F618,no,FALSE,,,Two more days until Halloween! Take a couple extra moments to spice up your pepperoni pizza for a festive pizza night :spider::woman_zombie_selector:,0,0,102,4,106,,
,,,,,,,,,,,,,,,,
CG7gUB_hJ19,albertsons,10/29/2020 13:51,https://scontent-iad3-1.cdninstagram.com/v/t51.2885-15/e35/s1080x1080/122970004_1010367932788503_7417612700143915620_n.jpg?_nc_ht=scontent-iad3-1.cdninstagram.com&_nc_cat=103&_nc_ohc=CGSXoB9gwPAAX9k0D82&tp=1&oh=4564652d06cb05a7e67e7760d79e6ddb&oe=5FE803A5,https://scontent-iad3-1.cdninstagram.com/v/t51.2885-15/e35/s1080x1080/122970004_1010367932788503_7417612700143915620_n.jpg?_nc_ht=scontent-iad3-1.cdninstagram.com&_nc_cat=103&_nc_ohc=CGSXoB9gwPAAX9k0D82&tp=1&oh=4564652d06cb05a7e67e7760d79e6ddb&oe=5FE803A5,no,FALSE,,debililly,Elegant Halloween and fall décor from @debililly! Which one is your favorite? Available exclusively at Albertsons!,0,0,101,5,106,,
,,,,,,,,,,,,,,,,
CG3HNznJE3h,albertsons,10/27/2020 20:55,https://scontent-iad3-1.cdninstagram.com/v/t51.2885-15/e35/p1080x1080/122763080_354350422558986_4784677902220867793_n.jpg?_nc_ht=scontent-iad3-1.cdninstagram.com&_nc_cat=106&_nc_ohc=s2NS52cGoYwAX_yxQy1&tp=1&oh=c041535882e1828d407fa6ad9838da33&oe=5FE6863E,https://scontent-iad3-1.cdninstagram.com/v/t51.2885-15/e35/p1080x1080/122763080_354350422558986_4784677902220867793_n.jpg?_nc_ht=scontent-iad3-1.cdninstagram.com&_nc_cat=106&_nc_ohc=s2NS52cGoYwAX_yxQy1&tp=1&oh=c041535882e1828d407fa6ad9838da33&oe=5FE6863E,no,FALSE,,,Something delicious this way comes... :man_vampire_medium-light_skin_tone::snake:,0,0,124,5,129,,
,,,,,,,,,,,,,,,,
CG0aFu9Bfop,albertsons,10/26/2020 19:42,https://scontent-iad3-1.cdninstagram.com/v/t51.2885-15/e35/s1080x1080/122788762_383356042797611_4270322096024164472_n.jpg?_nc_ht=scontent-iad3-1.cdninstagram.com&_nc_cat=111&_nc_ohc=s1cMMzPIEJAAX8_sknA&tp=1&oh=e101ca8b05aaf3c5676259b0c24d6cb6&oe=5FE926F6,https://scontent-iad3-1.cdninstagram.com/v/t51.2885-15/e35/s1080x1080/122788762_383356042797611_4270322096024164472_n.jpg?_nc_ht=scontent-iad3-1.cdninstagram.com&_nc_cat=111&_nc_ohc=s1cMMzPIEJAAX8_sknA&tp=1&oh=e101ca8b05aaf3c5676259b0c24d6cb6&oe=5FE926F6,no,FALSE,,,Can’t go wrong with a caramel apple –swipe through to see some seasonal inspiration! :face_savoring_food:,0,0,137,4,141,,
,,,,,,,,,,,,,,,,
CGyMFOzB9A7,albertsons,10/25/2020 23:01,https://scontent-iad3-1.cdninstagram.com/v/t51.2885-15/e35/p1080x1080/122672820_353111049329683_4321005751391892271_n.jpg?_nc_ht=scontent-iad3-1.cdninstagram.com&_nc_cat=107&_nc_ohc=_xo1nyAOxpYAX8r1VcN&tp=1&oh=824d1ee3a660051b4feba552edca143c&oe=5FE71381,https://scontent-iad3-1.cdninstagram.com/v/t51.2885-15/e35/p1080x1080/122672820_353111049329683_4321005751391892271_n.jpg?_nc_ht=scontent-iad3-1.cdninstagram.com&_nc_cat=107&_nc_ohc=_xo1nyAOxpYAX8r1VcN&tp=1&oh=824d1ee3a660051b4feba552edca143c&oe=5FE71381,no,FALSE,,,This Halloween tradition combines tricking and treating! Make a little goodie bag for a friend or neighbor and let them know that they’ve been boo-ed! Once you get boo-ed it’s your turn to boo someone else. It’s Trick-or-Treating that can last all week long! Pick up Boo Bag goodies at your store :ghost::jack-o-lantern:,0,0,111,5,116,,
,,,,,,,,,,,,,,,,
CGvy-bXAVpv,albertsons,10/25/2020 0:43,https://scontent-iad3-1.cdninstagram.com/v/t51.2885-15/e35/s1080x1080/122471513_711805366094354_4981837919552494637_n.jpg?_nc_ht=scontent-iad3-1.cdninstagram.com&_nc_cat=102&_nc_ohc=rRgcfREpRBgAX__oxyV&tp=1&oh=6c18226f695a32ed5850b808f4202cdc&oe=5FE76754,https://scontent-iad3-1.cdninstagram.com/v/t51.2885-15/e35/s1080x1080/122471513_711805366094354_4981837919552494637_n.jpg?_nc_ht=scontent-iad3-1.cdninstagram.com&_nc_cat=102&_nc_ohc=rRgcfREpRBgAX__oxyV&tp=1&oh=6c18226f695a32ed5850b808f4202cdc&oe=5FE76754,no,FALSE,,,Just one week until the ghouls and ghosts come out to play! Check in with us all week to find ideas for socially-distanced Halloween fun :jack-o-lantern:,0,0,115,4,119,,
,,,,,,,,,,,,,,,,
CGsvfprBIca,albertsons,10/23/2020 20:15,https://scontent-iad3-1.cdninstagram.com/v/t51.2885-15/e35/p1080x1080/122414950_1019516608566154_4937863835640768419_n.jpg?_nc_ht=scontent-iad3-1.cdninstagram.com&_nc_cat=110&_nc_ohc=TG8WJIfRr90AX_AIt8l&tp=1&oh=09d13b52aacb847929b1e03ad9b4740e&oe=5FE5985B,https://scontent-iad3-1.cdninstagram.com/v/t51.2885-15/e35/p1080x1080/122414950_1019516608566154_4937863835640768419_n.jpg?_nc_ht=scontent-iad3-1.cdninstagram.com&_nc_cat=110&_nc_ohc=TG8WJIfRr90AX_AIt8l&tp=1&oh=09d13b52aacb847929b1e03ad9b4740e&oe=5FE5985B,no,FALSE,,vindulge,Meatballs are an easy pleaser for the whole family. Mouthwatering image from @Vindulge :drooling_face:,0,0,98,3,101,,
,,,,,,,,,,,,,,,,
CGqYfXgjCzL,albertsons,10/22/2020 22:15,https://scontent-iad3-1.cdninstagram.com/v/t51.2885-15/e35/s1080x1080/122399789_630415940971649_7989762544431793955_n.jpg?_nc_ht=scontent-iad3-1.cdninstagram.com&_nc_cat=105&_nc_ohc=lPDntxP2naUAX-60bXu&tp=1&oh=9a061603bc1afae925d29f18a43b776e&oe=5FE7C9C8,https://scontent-iad3-1.cdninstagram.com/v/t51.2885-15/e35/s1080x1080/122399789_630415940971649_7989762544431793955_n.jpg?_nc_ht=scontent-iad3-1.cdninstagram.com&_nc_cat=105&_nc_ohc=lPDntxP2naUAX-60bXu&tp=1&oh=9a061603bc1afae925d29f18a43b776e&oe=5FE7C9C8,no,FALSE,,,"Apples are a tried and true fall favorite, so we’ve got a few delicious ways to enjoy them. Check out our story for apple recipe inspiration!",0,0,93,7,100,,
,,,,,,,,,,,,,,,,
CGn6kckFPOx,albertsons,10/21/2020 23:16,https://scontent-iad3-1.cdninstagram.com/v/t51.2885-15/e35/p1080x1080/122068372_778036602744485_2603706270032193887_n.jpg?_nc_ht=scontent-iad3-1.cdninstagram.com&_nc_cat=105&_nc_ohc=Elz_KxwMLEMAX9POfu4&tp=1&oh=6828ffcadf9a65361d55fb4ae4bf93f9&oe=5FE91004,https://scontent-iad3-1.cdninstagram.com/v/t51.2885-15/e35/p1080x1080/122068372_778036602744485_2603706270032193887_n.jpg?_nc_ht=scontent-iad3-1.cdninstagram.com&_nc_cat=105&_nc_ohc=Elz_KxwMLEMAX9POfu4&tp=1&oh=6828ffcadf9a65361d55fb4ae4bf93f9&oe=5FE91004,no,FALSE,,,Candy corn–yay or nay? Toss it into this snack mix recipe for a seasonal treat! :face_savoring_food:,0,0,86,10,96,,
,,,,,,,,,,,,,,,,
CGlAtHllk8h,albertsons,10/20/2020 20:11,https://scontent-iad3-1.cdninstagram.com/v/t51.2885-15/e35/p1080x1080/121832941_352681422502015_4880614096193783131_n.jpg?_nc_ht=scontent-iad3-1.cdninstagram.com&_nc_cat=107&_nc_ohc=kY7Ix0uXLzsAX9qDP8u&tp=1&oh=10d88ae9c8f26149cc3ac03e9ceee5b3&oe=5FE7ADCA,https://scontent-iad3-1.cdninstagram.com/v/t51.2885-15/e35/p1080x1080/121832941_352681422502015_4880614096193783131_n.jpg?_nc_ht=scontent-iad3-1.cdninstagram.com&_nc_cat=107&_nc_ohc=kY7Ix0uXLzsAX9qDP8u&tp=1&oh=10d88ae9c8f26149cc3ac03e9ceee5b3&oe=5FE7ADCA,no,FALSE,oorganics,hungryhungryheejin,Mix up the menu tonight with pho! @hungryhungryheejin has an awesome recipe using #OOrganics products for a high quality and healthy dinner!,0,0,92,9,101,,
,,,,,,,,,,,,,,,,
CGik7nrFPuz,albertsons,10/19/2020 21:30,https://scontent-iad3-1.cdninstagram.com/v/t51.2885-15/e35/p1080x1080/122026047_674621753433296_49473850961658160_n.jpg?_nc_ht=scontent-iad3-1.cdninstagram.com&_nc_cat=108&_nc_ohc=TyttnxreBswAX8m5sWF&tp=1&oh=0c3aa7969a95eb37ec3b2f02da41a5ff&oe=5FE61BFF,https://scontent-iad3-1.cdninstagram.com/v/t51.2885-15/e35/p1080x1080/122026047_674621753433296_49473850961658160_n.jpg?_nc_ht=scontent-iad3-1.cdninstagram.com&_nc_cat=108&_nc_ohc=TyttnxreBswAX8m5sWF&tp=1&oh=0c3aa7969a95eb37ec3b2f02da41a5ff&oe=5FE61BFF,no,FALSE,,,"Soup, side, or main dish –squash is in season and ready for your kitchen! What’s your favorite way to enjoy it?",0,0,112,13,125,,
,,,,,,,,,,,,,,,,
CGgVOeGlFu4,albertsons,10/19/2020 0:35,https://scontent-iad3-1.cdninstagram.com/v/t51.2885-15/e35/s1080x1080/121670294_198363818366689_2215934103020472166_n.jpg?_nc_ht=scontent-iad3-1.cdninstagram.com&_nc_cat=101&_nc_ohc=rr7otjW-fkMAX_H49u3&tp=1&oh=1f1286b43a4649fe3dae7a0a815fb2b6&oe=5FE59248,https://scontent-iad3-1.cdninstagram.com/v/t51.2885-15/e35/s1080x1080/121670294_198363818366689_2215934103020472166_n.jpg?_nc_ht=scontent-iad3-1.cdninstagram.com&_nc_cat=101&_nc_ohc=rr7otjW-fkMAX_H49u3&tp=1&oh=1f1286b43a4649fe3dae7a0a815fb2b6&oe=5FE59248,no,FALSE,"waterfrontbistro,opennature,responsiblechoice",,"October is National Seafood Month. Want seafood that’s delicious and sustainable? 100% of the seafood in our #waterfrontBISTRO and #OpenNature brands now display the #ResponsibleChoice logo, which means it’s sustainably sourced. Stop by your local store today!",0,0,108,3,111,,
,,,,,,,,,,,,,,,,
CGc8G9AlJ_4,albertsons,10/17/2020 16:57,https://scontent-iad3-1.cdninstagram.com/v/t51.2885-15/e35/p1080x1080/121629177_182842606678960_7118363547641597592_n.jpg?_nc_ht=scontent-iad3-1.cdninstagram.com&_nc_cat=104&_nc_ohc=auhp42UBWyQAX_bsPVA&tp=1&oh=478c77448d3853d917b0815af19bdd7b&oe=5FE8FE5E,https://scontent-iad3-1.cdninstagram.com/v/t51.2885-15/e35/p1080x1080/121629177_182842606678960_7118363547641597592_n.jpg?_nc_ht=scontent-iad3-1.cdninstagram.com&_nc_cat=104&_nc_ohc=auhp42UBWyQAX_bsPVA&tp=1&oh=478c77448d3853d917b0815af19bdd7b&oe=5FE8FE5E,no,FALSE,,,Are you decorating for Halloween yet? Tag us in your spooky creations and visit our stores any time to pick up your holiday essentials!,0,0,97,8,105,,
,,,,,,,,,,,,,,,,
CGaJZ4clgYN,albertsons,10/16/2020 14:56,https://scontent-iad3-1.cdninstagram.com/v/t51.2885-15/e35/p1080x1080/121493316_120231389661322_2493562538548152188_n.jpg?_nc_ht=scontent-iad3-1.cdninstagram.com&_nc_cat=110&_nc_ohc=qjN99GiAgf4AX-TEOhZ&tp=1&oh=5f9bf1d351181b746176d4c8a18324e3&oe=5FE56089,https://scontent-iad3-1.cdninstagram.com/v/t51.2885-15/e35/p1080x1080/121493316_120231389661322_2493562538548152188_n.jpg?_nc_ht=scontent-iad3-1.cdninstagram.com&_nc_cat=110&_nc_ohc=qjN99GiAgf4AX-TEOhZ&tp=1&oh=5f9bf1d351181b746176d4c8a18324e3&oe=5FE56089,no,FALSE,,,Cheers to chai and chia! This overnight chia seed pudding is a delicious breakfast or dessert full of fall flavors. Swipe to see the recipe!,0,0,63,4,67,,
,,,,,,,,,,,,,,,,
CGYOrqPlGZW,albertsons,10/15/2020 21:03,https://scontent-iad3-1.cdninstagram.com/v/t51.2885-15/e35/s1080x1080/121414809_155081932963821_9041713320624750110_n.jpg?_nc_ht=scontent-iad3-1.cdninstagram.com&_nc_cat=109&_nc_ohc=KwlzDZpe9uMAX8_Yc-0&tp=1&oh=adea2103ecfb2c1b7f34332b484b1bd8&oe=5FE57B10,https://scontent-iad3-1.cdninstagram.com/v/t51.2885-15/e35/s1080x1080/121414809_155081932963821_9041713320624750110_n.jpg?_nc_ht=scontent-iad3-1.cdninstagram.com&_nc_cat=109&_nc_ohc=KwlzDZpe9uMAX8_Yc-0&tp=1&oh=adea2103ecfb2c1b7f34332b484b1bd8&oe=5FE57B10,no,FALSE,,,"Seasonal stacked brie ideas for any occasion (even if that occasion is just your cheese craving!)–dried fruit, nuts, or even pesto take your cheese game to the next level.",0,0,104,4,108,,
,,,,,,,,,,,,,,,,
CGVKnFlhsZa,albertsons,10/14/2020 16:32,https://scontent-iad3-1.cdninstagram.com/v/t51.2885-15/e35/121409554_1426982897498367_1232117506694866610_n.jpg?_nc_ht=scontent-iad3-1.cdninstagram.com&_nc_cat=103&_nc_ohc=ZzcuQ9SNI70AX92BKT6&tp=1&oh=99e01e6bf04989170746ab94d508a05f&oe=5FC029F2,https://scontent-iad3-1.cdninstagram.com/v/t50.2886-16/121549610_206281410855091_5271628768127111867_n.mp4?_nc_ht=scontent-iad3-1.cdninstagram.com&_nc_cat=107&_nc_ohc=GZ3OTghP13UAX8KeI_q&oe=5FC00B8B&oh=d6e1ebc854cf4a01c083256d79f0bb51,yes,FALSE,,,Happy Dessert Day! :pie::cookie::smiling_face_with_heart-eyes:,483,25.019,38,2,40,,
,,,,,,,,,,,,,,,,
CGS60qIlu8v,albertsons,10/13/2020 19:34,https://scontent-iad3-1.cdninstagram.com/v/t51.2885-15/e35/p1080x1080/121359708_359650155238305_6690173757098971467_n.jpg?_nc_ht=scontent-iad3-1.cdninstagram.com&_nc_cat=109&_nc_ohc=F_0j2MnFJGIAX9gGe4R&tp=1&oh=654a3e50e8a24c1dbf00c726f7fcfab3&oe=5FE773F0,https://scontent-iad3-1.cdninstagram.com/v/t51.2885-15/e35/p1080x1080/121359708_359650155238305_6690173757098971467_n.jpg?_nc_ht=scontent-iad3-1.cdninstagram.com&_nc_cat=109&_nc_ohc=F_0j2MnFJGIAX9gGe4R&tp=1&oh=654a3e50e8a24c1dbf00c726f7fcfab3&oe=5FE773F0,no,FALSE,,,Tea or cocoa? We can’t pick our favorite :hot_beverage:,0,0,101,9,110,,
,,,,,,,,,,,,,,,,
CGQjxoelPoc,albertsons,10/12/2020 21:34,https://scontent-iad3-1.cdninstagram.com/v/t51.2885-15/e35/121277738_378042116659445_4667701033607697473_n.jpg?_nc_ht=scontent-iad3-1.cdninstagram.com&_nc_cat=105&_nc_ohc=3pJVVqJGgC8AX_afTgV&tp=1&oh=e922a10982d3be185833241dee8fc09d&oe=5FBFE6FE,https://scontent-iad3-1.cdninstagram.com/v/t50.2886-16/121496815_202457384753900_4745875349436167432_n.mp4?_nc_ht=scontent-iad3-1.cdninstagram.com&_nc_cat=108&_nc_ohc=RLnuGoL8oKYAX8NLUlL&oe=5FC05A70&oh=12fe7c3e8cc37d4a9307a04d44da360f,yes,FALSE,,,Happy Pumpkin Pie Day! :smiling_face_with_3_hearts:,891,26.433,61,5,66,,
,,,,,,,,,,,,,,,,
CGKqlFgpKA0,albertsons,10/10/2020 14:38,https://scontent-iad3-1.cdninstagram.com/v/t51.2885-15/e35/s1080x1080/121246750_676767599711674_548520007810372968_n.jpg?_nc_ht=scontent-iad3-1.cdninstagram.com&_nc_cat=110&_nc_ohc=3O5tvWohtysAX_xiMf-&tp=1&oh=2439f76e4f54c4e98138f316e0d009a6&oe=5FE88360,https://scontent-iad3-1.cdninstagram.com/v/t51.2885-15/e35/s1080x1080/121246750_676767599711674_548520007810372968_n.jpg?_nc_ht=scontent-iad3-1.cdninstagram.com&_nc_cat=110&_nc_ohc=3O5tvWohtysAX_xiMf-&tp=1&oh=2439f76e4f54c4e98138f316e0d009a6&oe=5FE88360,no,FALSE,,,We’re declaring it Self Care Saturday! Take some time for you this weekend –try one of the DIY masks on our story today or pick up your favorite self care products and treat yo’ self! :smiling_face_with_halo:,0,0,67,5,72,,
,,,,,,,,,,,,,,,,
CGIzSQXptN2,albertsons,10/9/2020 21:15,https://scontent-iad3-1.cdninstagram.com/v/t51.2885-15/e35/s1080x1080/121125811_376451953539583_2977598403283541675_n.jpg?_nc_ht=scontent-iad3-1.cdninstagram.com&_nc_cat=107&_nc_ohc=52K2HUjKCUYAX-MxWBN&tp=1&oh=cef4c839ec66036aa29342ed97ac1099&oe=5FE6A825,https://scontent-iad3-1.cdninstagram.com/v/t51.2885-15/e35/s1080x1080/121125811_376451953539583_2977598403283541675_n.jpg?_nc_ht=scontent-iad3-1.cdninstagram.com&_nc_cat=107&_nc_ohc=52K2HUjKCUYAX-MxWBN&tp=1&oh=cef4c839ec66036aa29342ed97ac1099&oe=5FE6A825,no,FALSE,,,"These potato breakfast bowls are our new morning obsession! Are  you leaning purple, or are you swiping right for red?",0,0,95,8,103,,
,,,,,,,,,,,,,,,,
CGGAUivswSY,albertsons,10/8/2020 19:12,https://scontent-iad3-1.cdninstagram.com/v/t51.2885-15/e35/p1080x1080/120929126_648981116006632_423053888854559969_n.jpg?_nc_ht=scontent-iad3-1.cdninstagram.com&_nc_cat=104&_nc_ohc=hTj7XP1w_t8AX9Ph8Cv&tp=1&oh=e99baa44b50ec6e0ff9b554584b2fcba&oe=5FE57DE9,https://scontent-iad3-1.cdninstagram.com/v/t51.2885-15/e35/p1080x1080/120929126_648981116006632_423053888854559969_n.jpg?_nc_ht=scontent-iad3-1.cdninstagram.com&_nc_cat=104&_nc_ohc=hTj7XP1w_t8AX9Ph8Cv&tp=1&oh=e99baa44b50ec6e0ff9b554584b2fcba&oe=5FE57DE9,no,FALSE,,,Make your own delicious snack with in-season produce! Swipe to see the super simple recipe :pear::face_savoring_food:,0,0,79,5,84,,
,,,,,,,,,,,,,,,,
CGDopElgHLh,albertsons,10/7/2020 21:06,https://scontent-iad3-1.cdninstagram.com/v/t51.2885-15/e35/p1080x1080/120924042_1666738653488684_2192944242887700181_n.jpg?_nc_ht=scontent-iad3-1.cdninstagram.com&_nc_cat=108&_nc_ohc=AOHtf19Z9ZYAX86iLHX&tp=1&oh=f1c9afbf13798d301883c844ef4e3ca4&oe=5FE888D2,https://scontent-iad3-1.cdninstagram.com/v/t51.2885-15/e35/p1080x1080/120924042_1666738653488684_2192944242887700181_n.jpg?_nc_ht=scontent-iad3-1.cdninstagram.com&_nc_cat=108&_nc_ohc=AOHtf19Z9ZYAX86iLHX&tp=1&oh=f1c9afbf13798d301883c844ef4e3ca4&oe=5FE888D2,no,FALSE,,,We’re so excited to break out the old chilly weather comfort food recipes. What’s your favorite fall staple? Ours is this creamy potato soup with bacon on top.,0,0,111,5,116,,
,,,,,,,,,,,,,,,,
CGAj3ukle3u,albertsons,10/6/2020 16:27,https://scontent-iad3-1.cdninstagram.com/v/t51.2885-15/e35/p1080x1080/120900123_332571131157915_3710837316343485481_n.jpg?_nc_ht=scontent-iad3-1.cdninstagram.com&_nc_cat=103&_nc_ohc=VkPLo0D_c4IAX_AJlEL&tp=1&oh=c2dffee694264ba6fa951639f9f88071&oe=5FE91783,https://scontent-iad3-1.cdninstagram.com/v/t51.2885-15/e35/p1080x1080/120900123_332571131157915_3710837316343485481_n.jpg?_nc_ht=scontent-iad3-1.cdninstagram.com&_nc_cat=103&_nc_ohc=VkPLo0D_c4IAX_AJlEL&tp=1&oh=c2dffee694264ba6fa951639f9f88071&oe=5FE91783,no,FALSE,,kimscravings,"With holidays fast approaching, we’re trying out charcuterie board building for our small group get togethers. Check out our story for quick tips from @kimscravings for grazing board wins!",0,0,71,3,74,,
,,,,,,,,,,,,,,,,
CF-eAseJ6Wm,albertsons,10/5/2020 20:57,https://scontent-iad3-1.cdninstagram.com/v/t51.2885-15/e35/s1080x1080/120804781_130990608378073_7086429769914898530_n.jpg?_nc_ht=scontent-iad3-1.cdninstagram.com&_nc_cat=101&_nc_ohc=yb4mNbfgmIwAX-N1uss&tp=1&oh=d95849f841bce70a2cd24d4e524ccbc7&oe=5FE577C2,https://scontent-iad3-1.cdninstagram.com/v/t51.2885-15/e35/s1080x1080/120804781_130990608378073_7086429769914898530_n.jpg?_nc_ht=scontent-iad3-1.cdninstagram.com&_nc_cat=101&_nc_ohc=yb4mNbfgmIwAX-N1uss&tp=1&oh=d95849f841bce70a2cd24d4e524ccbc7&oe=5FE577C2,no,FALSE,,,Wine Advent Calendars? AMAZING! Look for these in select stores where wine is sold for a very limited time!,0,0,97,6,103,,
,,,,,,,,,,,,,,,,
CF8dbr5JrbZ,albertsons,10/5/2020 2:14,https://scontent-iad3-1.cdninstagram.com/v/t51.2885-15/e35/s1080x1080/120618921_333903961030298_4085180077079997981_n.jpg?_nc_ht=scontent-iad3-1.cdninstagram.com&_nc_cat=102&_nc_ohc=IaHF3F1_btsAX8TtTys&tp=1&oh=4dc26c0a07608896210fbab9b9e118ab&oe=5FE924B3,https://scontent-iad3-1.cdninstagram.com/v/t51.2885-15/e35/s1080x1080/120618921_333903961030298_4085180077079997981_n.jpg?_nc_ht=scontent-iad3-1.cdninstagram.com&_nc_cat=102&_nc_ohc=IaHF3F1_btsAX8TtTys&tp=1&oh=4dc26c0a07608896210fbab9b9e118ab&oe=5FE924B3,no,FALSE,,thestephglover,How’s everyone keeping adjusted to life at home? We’re here to keep mealtime simple with delicious options from O Organics and Open Nature –pair with this recipe from @thestephglover for lunch made easy!,0,0,77,3,80,,
,,,,,,,,,,,,,,,,
CF5_J-8JRyq,albertsons,10/4/2020 3:11,https://scontent-iad3-1.cdninstagram.com/v/t51.2885-15/e35/p1080x1080/120548745_3515073401909575_1070815282727956295_n.jpg?_nc_ht=scontent-iad3-1.cdninstagram.com&_nc_cat=107&_nc_ohc=M8F-J3hGiHoAX_EdaAG&tp=1&oh=d711a2742abf9cf7d112707b8c81e434&oe=5FE73D60,https://scontent-iad3-1.cdninstagram.com/v/t51.2885-15/e35/p1080x1080/120548745_3515073401909575_1070815282727956295_n.jpg?_nc_ht=scontent-iad3-1.cdninstagram.com&_nc_cat=107&_nc_ohc=M8F-J3hGiHoAX_EdaAG&tp=1&oh=d711a2742abf9cf7d112707b8c81e434&oe=5FE73D60,no,FALSE,,,Raise your stein wherever you are to celebrate the last days of OktoberFest! Prost!,0,0,127,1,128,,
,,,,,,,,,,,,,,,,
CF2sjnRJYOe,albertsons,10/2/2020 20:30,https://scontent-iad3-1.cdninstagram.com/v/t51.2885-15/e35/p1080x1080/120277360_816347209111062_4107661345985194157_n.jpg?_nc_ht=scontent-iad3-1.cdninstagram.com&_nc_cat=106&_nc_ohc=89_OmHhnV_QAX8UK8iD&tp=1&oh=44866d47eb955d92b2e309df0d6da57e&oe=5FE80DB1,https://scontent-iad3-1.cdninstagram.com/v/t51.2885-15/e35/p1080x1080/120277360_816347209111062_4107661345985194157_n.jpg?_nc_ht=scontent-iad3-1.cdninstagram.com&_nc_cat=106&_nc_ohc=89_OmHhnV_QAX8UK8iD&tp=1&oh=44866d47eb955d92b2e309df0d6da57e&oe=5FE80DB1,no,FALSE,,,There are so many ways to enjoy the flavors of fall –check out our story for mouthwatering fall baking inspo and comment your favorite below! :fallen_leaf::face_savoring_food::jack-o-lantern:,0,0,89,3,92,,
,,,,,,,,,,,,,,,,
CFz4a8vJtbw,albertsons,10/1/2020 18:16,https://scontent-iad3-1.cdninstagram.com/v/t51.2885-15/e35/120278267_157972979327608_2587905435754555130_n.jpg?_nc_ht=scontent-iad3-1.cdninstagram.com&_nc_cat=104&_nc_ohc=yVOa_vp8fM0AX_q5MR9&tp=1&oh=e33f8edf03d8c9cdd1fbe6d32ec7a4cc&oe=5FE69A22,https://scontent-iad3-1.cdninstagram.com/v/t51.2885-15/e35/120278267_157972979327608_2587905435754555130_n.jpg?_nc_ht=scontent-iad3-1.cdninstagram.com&_nc_cat=104&_nc_ohc=yVOa_vp8fM0AX_q5MR9&tp=1&oh=e33f8edf03d8c9cdd1fbe6d32ec7a4cc&oe=5FE69A22,no,FALSE,,,Happy October! Keep up with us all month for delicious (and spooky) inspiration! :jack-o-lantern:,0,0,115,2,117,,
,,,,,,,,,,,,,,,,
CFxU2qIM0yo,albertsons,9/30/2020 18:27,https://scontent-iad3-1.cdninstagram.com/v/t51.2885-15/e35/s1080x1080/120294521_253468002673064_853770267844054752_n.jpg?_nc_ht=scontent-iad3-1.cdninstagram.com&_nc_cat=108&_nc_ohc=Rm2GQ3t1vOMAX-j0iKL&tp=1&oh=a4dcfcaa3873cfd52a06ed1706971162&oe=5FE71D2F,https://scontent-iad3-1.cdninstagram.com/v/t51.2885-15/e35/s1080x1080/120294521_253468002673064_853770267844054752_n.jpg?_nc_ht=scontent-iad3-1.cdninstagram.com&_nc_cat=108&_nc_ohc=Rm2GQ3t1vOMAX-j0iKL&tp=1&oh=a4dcfcaa3873cfd52a06ed1706971162&oe=5FE71D2F,no,FALSE,,,S’mores nights are perfect whether you’re around the campfire or around the kitchen table! Check out our story for this delicious take on the classic treat!,0,0,106,3,109,,
,,,,,,,,,,,,,,,,
CFsw743JSC3,albertsons,9/28/2020 23:57,https://scontent-iad3-1.cdninstagram.com/v/t51.2885-15/e35/120232086_1249959228714592_7026407324510591626_n.jpg?_nc_ht=scontent-iad3-1.cdninstagram.com&_nc_cat=104&_nc_ohc=njXPVrKTD1UAX-lULv2&tp=1&oh=d8a6440283bf3df30bc91ecbed547de8&oe=5FBFF565,https://scontent-iad3-1.cdninstagram.com/v/t50.2886-16/120252157_689247322023913_4417584363771024521_n.mp4?_nc_ht=scontent-iad3-1.cdninstagram.com&_nc_cat=101&_nc_ohc=NYqhvdDladMAX8xOgST&oe=5FBFFD7B&oh=357904f3920f7ab0e95ca92d8a48d4aa,yes,FALSE,sustainablecoffeechallenge,,"O Organics Coffee is now 100% Fair Trade certified, meeting Albertsons #SustainableCoffeeChallenge commitment. This means that your favorite O Organics coffee, be it whole bean, ground, instant, or coffee pods, is certified sustainable.",306,59.2,43,2,45,,
,,,,,,,,,,,,,,,,
CFqOebSJUcF,albertsons,9/28/2020 0:17,https://scontent-iad3-1.cdninstagram.com/v/t51.2885-15/e35/s1080x1080/120142674_187191102929377_4172297973435558622_n.jpg?_nc_ht=scontent-iad3-1.cdninstagram.com&_nc_cat=101&_nc_ohc=FDcfnGITdU4AX_q5_KO&tp=1&oh=740b5fb05798c3fb797aa5653867c509&oe=5FE5D6F2,https://scontent-iad3-1.cdninstagram.com/v/t51.2885-15/e35/s1080x1080/120142674_187191102929377_4172297973435558622_n.jpg?_nc_ht=scontent-iad3-1.cdninstagram.com&_nc_cat=101&_nc_ohc=FDcfnGITdU4AX_q5_KO&tp=1&oh=740b5fb05798c3fb797aa5653867c509&oe=5FE5D6F2,no,FALSE,,alexcarreno_,Baked ziti feat. small pieces of French bread –awesome idea from @alexcarreno_,0,0,71,1,72,,
,,,,,,,,,,,,,,,,
CFnFGHUpQ6N,albertsons,9/26/2020 18:57,https://scontent-iad3-1.cdninstagram.com/v/t51.2885-15/e35/s1080x1080/120245984_3448810171846362_7651487941542826791_n.jpg?_nc_ht=scontent-iad3-1.cdninstagram.com&_nc_cat=106&_nc_ohc=nRcPSKOvrqgAX9Cgaph&tp=1&oh=96861624433fd617efbea83f0b86aa6c&oe=5FE7B169,https://scontent-iad3-1.cdninstagram.com/v/t51.2885-15/e35/s1080x1080/120245984_3448810171846362_7651487941542826791_n.jpg?_nc_ht=scontent-iad3-1.cdninstagram.com&_nc_cat=106&_nc_ohc=nRcPSKOvrqgAX9Cgaph&tp=1&oh=96861624433fd617efbea83f0b86aa6c&oe=5FE7B169,no,FALSE,,,Poutine is a Canadian classic that we are happy to adopt. Who said fries can’t be the whole meal? Check out our story for 4 great ways to dress your fries :french_fries:,0,0,94,4,98,,
,,,,,,,,,,,,,,,,
CFkfgwPJBbv,albertsons,9/25/2020 18:50,https://scontent-iad3-1.cdninstagram.com/v/t51.2885-15/e35/p1080x1080/120189400_130631351732274_7350993286008699708_n.jpg?_nc_ht=scontent-iad3-1.cdninstagram.com&_nc_cat=106&_nc_ohc=dAS9-5kc-K4AX_T5rKb&tp=1&oh=6c3fea1123adabf9be1556e04704a019&oe=5FE8C9D1,https://scontent-iad3-1.cdninstagram.com/v/t51.2885-15/e35/p1080x1080/120189400_130631351732274_7350993286008699708_n.jpg?_nc_ht=scontent-iad3-1.cdninstagram.com&_nc_cat=106&_nc_ohc=dAS9-5kc-K4AX_T5rKb&tp=1&oh=6c3fea1123adabf9be1556e04704a019&oe=5FE8C9D1,no,FALSE,,,What’s on the menu for the weekend? We’re thinking wings for our socially-distanced game day :thinking_face:We’ve got all your party favorites made in-store and ready for the weekend!,0,0,89,1,90,,
,,,,,,,,,,,,,,,,
CFiO2odpTXw,albertsons,9/24/2020 21:46,https://scontent-iad3-1.cdninstagram.com/v/t51.2885-15/e35/s1080x1080/120059266_666870227286318_8444758224074550695_n.jpg?_nc_ht=scontent-iad3-1.cdninstagram.com&_nc_cat=106&_nc_ohc=Cd8PibnAWLcAX-UX0zh&tp=1&oh=472d16697e81c4990f711d2b94128069&oe=5FE66803,https://scontent-iad3-1.cdninstagram.com/v/t51.2885-15/e35/s1080x1080/120059266_666870227286318_8444758224074550695_n.jpg?_nc_ht=scontent-iad3-1.cdninstagram.com&_nc_cat=106&_nc_ohc=Cd8PibnAWLcAX-UX0zh&tp=1&oh=472d16697e81c4990f711d2b94128069&oe=5FE66803,no,FALSE,,mainlymarta,"Swipe through to see how @mainlymarta covers every meal with just one quick trip to Albertsons! Breakfast, lunch, dinner, and dessert :woman_cook:",0,0,63,0,63,,
,,,,,,,,,,,,,,,,
CFfcawFpKDJ,albertsons,9/23/2020 19:47,https://scontent-iad3-1.cdninstagram.com/v/t51.2885-15/e35/s1080x1080/120080992_669976287286551_1459211772773762157_n.jpg?_nc_ht=scontent-iad3-1.cdninstagram.com&_nc_cat=103&_nc_ohc=jiuGDBA0FUwAX_BYl6P&tp=1&oh=7101c1386e212746604917525edc9be4&oe=5FE8730D,https://scontent-iad3-1.cdninstagram.com/v/t51.2885-15/e35/s1080x1080/120080992_669976287286551_1459211772773762157_n.jpg?_nc_ht=scontent-iad3-1.cdninstagram.com&_nc_cat=103&_nc_ohc=jiuGDBA0FUwAX_BYl6P&tp=1&oh=7101c1386e212746604917525edc9be4&oe=5FE8730D,no,FALSE,,,"One pan = a full meal. Check out our story for other great one-pan dinners for breakfast, lunch, or dinner!",0,0,79,1,80,,
,,,,,,,,,,,,,,,,
CFcki0PpBv8,albertsons,9/22/2020 17:00,https://scontent-iad3-1.cdninstagram.com/v/t51.2885-15/e35/119888968_141470497670807_4584074367090831687_n.jpg?_nc_ht=scontent-iad3-1.cdninstagram.com&_nc_cat=111&_nc_ohc=24thsVYHzMYAX9LTgVr&tp=1&oh=020ea8aff73870dbf1fe586a5f65d45f&oe=5FBFC6F1,https://scontent-iad3-1.cdninstagram.com/v/t50.2886-16/119850502_270873350590786_6933816797880760001_n.mp4?_nc_ht=scontent-iad3-1.cdninstagram.com&_nc_cat=110&_nc_ohc=GR_08LFcdx4AX-yyeou&oe=5FBFDA6C&oh=d66e84d26ce9e3f0788e42358cbc3107,yes,FALSE,,,"It’s fall, y’all! :fallen_leaf:",418,14.676,54,2,56,,
,,,,,,,,,,,,,,,,
CFal2fOJo7S,albertsons,9/21/2020 22:33,https://scontent-iad3-1.cdninstagram.com/v/t51.2885-15/e35/s1080x1080/119978555_667649273854982_7696158457090930268_n.jpg?_nc_ht=scontent-iad3-1.cdninstagram.com&_nc_cat=102&_nc_ohc=cco2NxF5vEYAX-NKTG9&tp=1&oh=2e1387b65c6e611c56e7359f98f10174&oe=5FE64CD9,https://scontent-iad3-1.cdninstagram.com/v/t51.2885-15/e35/s1080x1080/119978555_667649273854982_7696158457090930268_n.jpg?_nc_ht=scontent-iad3-1.cdninstagram.com&_nc_cat=102&_nc_ohc=cco2NxF5vEYAX-NKTG9&tp=1&oh=2e1387b65c6e611c56e7359f98f10174&oe=5FE64CD9,no,FALSE,,,We’re taking it easy this Monday night with pizza for dinner –what does your pizza night look like?,0,0,76,3,79,,
,,,,,,,,,,,,,,,,
CFYPgL8pAYG,albertsons,9/21/2020 0:39,https://scontent-iad3-1.cdninstagram.com/v/t51.2885-15/e35/p1080x1080/119912385_320146915947137_4975093437507174676_n.jpg?_nc_ht=scontent-iad3-1.cdninstagram.com&_nc_cat=105&_nc_ohc=z8EKpnG3sJ8AX9UFNmn&tp=1&oh=48d6156f5e004b7734ecb561c8fb68ab&oe=5FE8D234,https://scontent-iad3-1.cdninstagram.com/v/t51.2885-15/e35/p1080x1080/119912385_320146915947137_4975093437507174676_n.jpg?_nc_ht=scontent-iad3-1.cdninstagram.com&_nc_cat=105&_nc_ohc=z8EKpnG3sJ8AX9UFNmn&tp=1&oh=48d6156f5e004b7734ecb561c8fb68ab&oe=5FE8D234,no,FALSE,,,Looking for something new to try? This Peanut Noodle Salad featuring Open Nature:registered: chicken is all about healthy ingredients and rich flavors. Give it a try and let us know what you think!,0,0,61,0,61,,
,,,,,,,,,,,,,,,,
CFVCP-Ps1g3,albertsons,9/19/2020 18:46,https://scontent-iad3-1.cdninstagram.com/v/t51.2885-15/e35/s1080x1080/119882118_3510007575723817_8921820176605858356_n.jpg?_nc_ht=scontent-iad3-1.cdninstagram.com&_nc_cat=101&_nc_ohc=-F3tpMhtkcoAX9I_qnG&tp=1&oh=3edf6ad35b4421a6acf7c08e3201d8b1&oe=5FE658CA,https://scontent-iad3-1.cdninstagram.com/v/t51.2885-15/e35/s1080x1080/119882118_3510007575723817_8921820176605858356_n.jpg?_nc_ht=scontent-iad3-1.cdninstagram.com&_nc_cat=101&_nc_ohc=-F3tpMhtkcoAX9I_qnG&tp=1&oh=3edf6ad35b4421a6acf7c08e3201d8b1&oe=5FE658CA,no,FALSE,,,Brighten up your next virtual happy hour with something fresh and fruity! Cocktails and mocktails featured on our story *clink* :clinking_glasses::tropical_drink:,0,0,80,7,87,,
,,,,,,,,,,,,,,,,
CFSG6XfJmQr,albertsons,9/18/2020 15:30,https://scontent-iad3-1.cdninstagram.com/v/t51.2885-15/e35/119169045_650952755781071_7192540255232533917_n.jpg?_nc_ht=scontent-iad3-1.cdninstagram.com&_nc_cat=111&_nc_ohc=hKU0yrNRzyQAX9Ny8Px&tp=1&oh=19c897a654e8e84a5daa2107f51a6a99&oe=5FBFC62F,https://scontent-iad3-1.cdninstagram.com/v/t50.2886-16/119587190_2785767968410329_5882759291487581992_n.mp4?_nc_ht=scontent-iad3-1.cdninstagram.com&_nc_cat=109&_nc_ohc=d9b4NPtCLCEAX-gKYug&oe=5FC012A3&oh=08fc963713175dee1a9aa99ed6571b65,yes,FALSE,,,Happy Cheeseburger Day! :hamburger: :french_fries:,681,16.81,53,0,53,,
,,,,,,,,,,,,,,,,
CFNNeoSA1ew,albertsons,9/16/2020 17:50,https://scontent-iad3-1.cdninstagram.com/v/t51.2885-15/e35/119435038_380518619780323_8426163200553453922_n.jpg?_nc_ht=scontent-iad3-1.cdninstagram.com&_nc_cat=107&_nc_ohc=TdP4oyOfd1kAX_93jRR&tp=1&oh=7ba9ffafc495497c34b8060a17219aee&oe=5FC04793,https://scontent-iad3-1.cdninstagram.com/v/t50.2886-16/119769460_178936467075970_3001714297098915075_n.mp4?_nc_ht=scontent-iad3-1.cdninstagram.com&_nc_cat=110&_nc_ohc=Cme8iXB6JDAAX-lf9pF&oe=5FC02568&oh=af5715b0e03d9e84ce135eb8029e6faa,yes,FALSE,,,Happy Guacamole Day! :avocado::party_popper:,618,22.553,59,1,60,,
,,,,,,,,,,,,,,,,
CFLNMHrJ2yu,albertsons,9/15/2020 23:09,https://scontent-iad3-1.cdninstagram.com/v/t51.2885-15/e35/p1080x1080/119481639_1132184213850300_8126726427112807322_n.jpg?_nc_ht=scontent-iad3-1.cdninstagram.com&_nc_cat=100&_nc_ohc=1w--KyzGpUMAX-zonnz&tp=1&oh=eabfd9edd386560d91638f766f9fefe6&oe=5FE931A3,https://scontent-iad3-1.cdninstagram.com/v/t51.2885-15/e35/p1080x1080/119481639_1132184213850300_8126726427112807322_n.jpg?_nc_ht=scontent-iad3-1.cdninstagram.com&_nc_cat=100&_nc_ohc=1w--KyzGpUMAX-zonnz&tp=1&oh=eabfd9edd386560d91638f766f9fefe6&oe=5FE931A3,no,FALSE,,,Chia seed jam and frozen blueberries pair perfectly with Open Nature:registered: ice cream to make these ice cream cakes! 5 simple ingredients to a delicious dessert :ice_cream:,0,0,66,3,69,,
,,,,,,,,,,,,,,,,
CFIeIcNs9n6,albertsons,9/14/2020 21:39,https://scontent-iad3-1.cdninstagram.com/v/t51.2885-15/e35/s1080x1080/119458460_149362626836421_912595239111337532_n.jpg?_nc_ht=scontent-iad3-1.cdninstagram.com&_nc_cat=109&_nc_ohc=kLX5EXrcnnoAX_Cb8UU&tp=1&oh=eee34d7cba2e46b1b0aa20eb76f501ac&oe=5FE5BC0C,https://scontent-iad3-1.cdninstagram.com/v/t51.2885-15/e35/s1080x1080/119458460_149362626836421_912595239111337532_n.jpg?_nc_ht=scontent-iad3-1.cdninstagram.com&_nc_cat=109&_nc_ohc=kLX5EXrcnnoAX_Cb8UU&tp=1&oh=eee34d7cba2e46b1b0aa20eb76f501ac&oe=5FE5BC0C,no,FALSE,,,"From breakfast sweets to dessert treats, your local bakery has it all! Stop in today to check out what we have in store :doughnut:",0,0,107,7,114,,
,,,,,,,,,,,,,,,,
CFFixNFsu71,albertsons,9/13/2020 18:22,https://scontent-iad3-1.cdninstagram.com/v/t51.2885-15/e35/p1080x1080/119239835_616805379014703_3970737862763805581_n.jpg?_nc_ht=scontent-iad3-1.cdninstagram.com&_nc_cat=103&_nc_ohc=kt-Lda_J_yIAX_npNSF&tp=1&oh=4e7b1e1550411cf5e39c577685398fe8&oe=5FE5B481,https://scontent-iad3-1.cdninstagram.com/v/t51.2885-15/e35/p1080x1080/119239835_616805379014703_3970737862763805581_n.jpg?_nc_ht=scontent-iad3-1.cdninstagram.com&_nc_cat=103&_nc_ohc=kt-Lda_J_yIAX_npNSF&tp=1&oh=4e7b1e1550411cf5e39c577685398fe8&oe=5FE5B481,no,FALSE,,letsdish,"Blackberries are in season, and @letsdish is reminding us they aren’t just for snacking and dessert. Salmon with blackberry and bell pepper salsa –yes please!",0,0,93,3,96,,
,,,,,,,,,,,,,,,,
CFC5l4GsvRB,albertsons,9/12/2020 17:44,https://scontent-iad3-1.cdninstagram.com/v/t51.2885-15/e35/p1080x1080/119070998_333694454711092_4130563425576426428_n.jpg?_nc_ht=scontent-iad3-1.cdninstagram.com&_nc_cat=104&_nc_ohc=YMN7onXLWiMAX_b4ZFy&tp=1&oh=7c020ea71d60a295487e4a312ce757a0&oe=5FE68C28,https://scontent-iad3-1.cdninstagram.com/v/t51.2885-15/e35/p1080x1080/119070998_333694454711092_4130563425576426428_n.jpg?_nc_ht=scontent-iad3-1.cdninstagram.com&_nc_cat=104&_nc_ohc=YMN7onXLWiMAX_b4ZFy&tp=1&oh=7c020ea71d60a295487e4a312ce757a0&oe=5FE68C28,no,FALSE,,,"Whether you’re tailgating or home-gating, there’s still all kinds of ways to enjoy the big game! Tag your team to let them know you’re rooting for them :american_football:",0,0,69,0,69,,
,,,,,,,,,,,,,,,,
CFAPU1hgV3A,albertsons,9/11/2020 16:56,https://scontent-iad3-1.cdninstagram.com/v/t51.2885-15/e35/119098249_2626173734364796_2590788020376175411_n.jpg?_nc_ht=scontent-iad3-1.cdninstagram.com&_nc_cat=104&_nc_ohc=mGfvvslpVv0AX_k5bEQ&tp=1&oh=068bc742ff5b1d699d89a5fd9ea63697&oe=5FC001E5,https://scontent-iad3-1.cdninstagram.com/v/t50.2886-16/119243996_322902199154057_551339643183274295_n.mp4?_nc_ht=scontent-iad3-1.cdninstagram.com&_nc_cat=105&_nc_ohc=3KLPkG4qFTsAX9Tng-R&oe=5FC02721&oh=7f8cf824ec004a45edf7305258f45e3c,yes,FALSE,patriotday,,Never forget #PatriotDay :red_heart_selector::United_States:,684,6,48,0,48,,
,,,,,,,,,,,,,,,,
CE-Orp6MJZe,albertsons,9/10/2020 22:12,https://scontent-iad3-1.cdninstagram.com/v/t51.2885-15/e35/p1080x1080/119040410_669872366966896_1949424513025288336_n.jpg?_nc_ht=scontent-iad3-1.cdninstagram.com&_nc_cat=104&_nc_ohc=R9MT7bgGZFwAX9S4WYL&tp=1&oh=24bff8fce5c288d05929fddd1672035b&oe=5FE61C80,https://scontent-iad3-1.cdninstagram.com/v/t51.2885-15/e35/p1080x1080/119040410_669872366966896_1949424513025288336_n.jpg?_nc_ht=scontent-iad3-1.cdninstagram.com&_nc_cat=104&_nc_ohc=R9MT7bgGZFwAX9S4WYL&tp=1&oh=24bff8fce5c288d05929fddd1672035b&oe=5FE61C80,no,FALSE,,eaturselfskinny,"For a delicious, fresh lunch or dinner, we love this chili-rubbed  salmon salad from @EatUrselfSkinny! :avocado::fish::tomato:",0,0,73,2,75,,
,,,,,,,,,,,,,,,,
CE7cobtMkEh,albertsons,9/9/2020 20:16,https://scontent-iad3-1.cdninstagram.com/v/t51.2885-15/e35/s1080x1080/119108959_667574210779252_4251979674367697986_n.jpg?_nc_ht=scontent-iad3-1.cdninstagram.com&_nc_cat=104&_nc_ohc=uVOzyEjxxAIAX9aXZ99&tp=1&oh=ef8338252fd4858f7cf4792e0bf18b7c&oe=5FE7406B,https://scontent-iad3-1.cdninstagram.com/v/t51.2885-15/e35/s1080x1080/119108959_667574210779252_4251979674367697986_n.jpg?_nc_ht=scontent-iad3-1.cdninstagram.com&_nc_cat=104&_nc_ohc=uVOzyEjxxAIAX9aXZ99&tp=1&oh=ef8338252fd4858f7cf4792e0bf18b7c&oe=5FE7406B,no,FALSE,,,Sides: the unsung heroes of the dinner table. We’re celebrating sides today on our story –tell us your favorites!,0,0,70,1,71,,
,,,,,,,,,,,,,,,,
CE4U-RbsjO5,albertsons,9/8/2020 15:11,https://scontent-iad3-1.cdninstagram.com/v/t51.2885-15/e35/p1080x1080/118994102_3283211348431278_2299518762696417110_n.jpg?_nc_ht=scontent-iad3-1.cdninstagram.com&_nc_cat=106&_nc_ohc=8dZFpufGHJEAX9dZwGB&tp=1&oh=5aa0b4f692793335b6ce1ffaea796e2d&oe=5FE74732,https://scontent-iad3-1.cdninstagram.com/v/t51.2885-15/e35/p1080x1080/118994102_3283211348431278_2299518762696417110_n.jpg?_nc_ht=scontent-iad3-1.cdninstagram.com&_nc_cat=106&_nc_ohc=8dZFpufGHJEAX9dZwGB&tp=1&oh=5aa0b4f692793335b6ce1ffaea796e2d&oe=5FE74732,no,FALSE,,,Try this fresh and simple lunch in a jar! Healthy never tasted so good :face_savoring_food::strawberry:,0,0,68,0,68,,
,,,,,,,,,,,,,,,,
CE1yQWqgJsV,albertsons,9/7/2020 15:30,https://scontent-iad3-1.cdninstagram.com/v/t51.2885-15/e35/118793336_118483809981615_6032249325487450404_n.jpg?_nc_ht=scontent-iad3-1.cdninstagram.com&_nc_cat=103&_nc_ohc=zw9SgXMXI04AX8uoTjz&tp=1&oh=b8c2a73e668cd1833940851fc634b789&oe=5FBFD56A,https://scontent-iad3-1.cdninstagram.com/v/t50.2886-16/118970992_100724121765383_5725452132477254783_n.mp4?_nc_ht=scontent-iad3-1.cdninstagram.com&_nc_cat=111&_nc_ohc=Zxr39F4kP4kAX_Lalok&oe=5FC0081A&oh=ec76866ed830eca15bbb7a16d73ab8b3,yes,FALSE,,,Happy Labor Day! :red_heart_selector:,687,13.51,63,5,68,,
,,,,,,,,,,,,,,,,
CEzGKe4sapr,albertsons,9/6/2020 14:26,https://scontent-iad3-1.cdninstagram.com/v/t51.2885-15/e35/p1080x1080/118846030_125463062291005_3991631306796810909_n.jpg?_nc_ht=scontent-iad3-1.cdninstagram.com&_nc_cat=101&_nc_ohc=BMaCPy1Pr8cAX-j2NV9&tp=1&oh=e7e7c6f09a5b15abaef4d2663082cd2b&oe=5FE78AEF,https://scontent-iad3-1.cdninstagram.com/v/t51.2885-15/e35/p1080x1080/118846030_125463062291005_3991631306796810909_n.jpg?_nc_ht=scontent-iad3-1.cdninstagram.com&_nc_cat=101&_nc_ohc=BMaCPy1Pr8cAX-j2NV9&tp=1&oh=e7e7c6f09a5b15abaef4d2663082cd2b&oe=5FE78AEF,no,FALSE,,,"Keep on celebrating, it’s a 3-Day weekend! :hot_dog:",0,0,88,2,90,,
,,,,,,,,,,,,,,,,
CEw7xa2AT0L,albertsons,9/5/2020 18:17,https://scontent-iad3-1.cdninstagram.com/v/t51.2885-15/e35/118808321_361142068385434_4395811974534484340_n.jpg?_nc_ht=scontent-iad3-1.cdninstagram.com&_nc_cat=110&_nc_ohc=p5bBmzpopjwAX8luIcD&tp=1&oh=8ba59846b9ee56f691ae03418e0978ae&oe=5FBFF80B,https://scontent-iad3-1.cdninstagram.com/v/t50.2886-16/118800190_417202642590656_6724984561966650717_n.mp4?_nc_ht=scontent-iad3-1.cdninstagram.com&_nc_cat=108&_nc_ohc=_gdkrAG34uAAX9RX-Iq&oe=5FBFF557&oh=368b3c092a66bb1ebf9e86557913fa4c,yes,FALSE,,,It’s Bacon Day! How are you celebrating? :hugging_face:,386,43.639,36,2,38,,
,,,,,,,,,,,,,,,,
CEt6hv-sTdJ,albertsons,9/4/2020 14:08,https://scontent-iad3-1.cdninstagram.com/v/t51.2885-15/e35/p1080x1080/118840570_230840035015154_8272633466907604584_n.jpg?_nc_ht=scontent-iad3-1.cdninstagram.com&_nc_cat=102&_nc_ohc=Wu6c_FxkaDYAX9oel0D&tp=1&oh=3fe22447b4fc98fdea8c900332bdfe4e&oe=5FE7D408,https://scontent-iad3-1.cdninstagram.com/v/t51.2885-15/e35/p1080x1080/118840570_230840035015154_8272633466907604584_n.jpg?_nc_ht=scontent-iad3-1.cdninstagram.com&_nc_cat=102&_nc_ohc=Wu6c_FxkaDYAX9oel0D&tp=1&oh=3fe22447b4fc98fdea8c900332bdfe4e&oe=5FE7D408,no,FALSE,,howwedo208,Boards aren’t just for charcuterie and wine tastings –put together a fun and festive Labor Day burger board like this one from @howwedo208 Extra fries please!,0,0,83,4,87,,
,,,,,,,,,,,,,,,,
CEsFbHgssB2,albertsons,9/3/2020 21:05,https://scontent-iad3-1.cdninstagram.com/v/t51.2885-15/e35/p1080x1080/118702215_2406975752939068_2017369502044607797_n.jpg?_nc_ht=scontent-iad3-1.cdninstagram.com&_nc_cat=104&_nc_ohc=s866zx8KyWIAX_mEevD&tp=1&oh=3c9a2c4d951bddfb1ee2562ab9a5110f&oe=5FE7F885,https://scontent-iad3-1.cdninstagram.com/v/t51.2885-15/e35/p1080x1080/118702215_2406975752939068_2017369502044607797_n.jpg?_nc_ht=scontent-iad3-1.cdninstagram.com&_nc_cat=104&_nc_ohc=s866zx8KyWIAX_mEevD&tp=1&oh=3c9a2c4d951bddfb1ee2562ab9a5110f&oe=5FE7F885,no,FALSE,,,Prepping for Labor Day weekend! Get out the grill and finish up summer right!,0,0,83,2,85,,
,,,,,,,,,,,,,,,,
CEo7uegM_06,albertsons,9/2/2020 15:42,https://scontent-iad3-1.cdninstagram.com/v/t51.2885-15/e35/p1080x1080/118683841_176861180545581_3040939278770856858_n.jpg?_nc_ht=scontent-iad3-1.cdninstagram.com&_nc_cat=109&_nc_ohc=ppWja1gXkd0AX_qMGJE&tp=1&oh=ad1a908b5aaa79daf59cb92bd214ad11&oe=5FE80344,https://scontent-iad3-1.cdninstagram.com/v/t51.2885-15/e35/p1080x1080/118683841_176861180545581_3040939278770856858_n.jpg?_nc_ht=scontent-iad3-1.cdninstagram.com&_nc_cat=109&_nc_ohc=ppWja1gXkd0AX_qMGJE&tp=1&oh=ad1a908b5aaa79daf59cb92bd214ad11&oe=5FE80344,no,FALSE,,,"Keep up your energy through class to homework time with O Organics:registered: energy drinks! Fresh, organic, and perfect for students on the go and families at home learning together.",0,0,67,0,67,,
,,,,,,,,,,,,,,,,
CEmuuhJso07,albertsons,9/1/2020 19:10,https://scontent-iad3-1.cdninstagram.com/v/t51.2885-15/e35/p1080x1080/118652602_804128083665193_4896010257558267816_n.jpg?_nc_ht=scontent-iad3-1.cdninstagram.com&_nc_cat=101&_nc_ohc=XK-EEXbMvwcAX_dP-Ot&tp=1&oh=2e2d55f82e68130cee4e2515645268ff&oe=5FE7DB10,https://scontent-iad3-1.cdninstagram.com/v/t51.2885-15/e35/p1080x1080/118652602_804128083665193_4896010257558267816_n.jpg?_nc_ht=scontent-iad3-1.cdninstagram.com&_nc_cat=101&_nc_ohc=XK-EEXbMvwcAX_dP-Ot&tp=1&oh=2e2d55f82e68130cee4e2515645268ff&oe=5FE7DB10,no,FALSE,,,Flowers for you or someone you love –you can find a bouquet for anyone on our story :bouquet:,0,0,107,3,110,,
,,,,,,,,,,,,,,,,
CEjmgb7p4Vt,albertsons,8/31/2020 14:00,https://scontent-iad3-1.cdninstagram.com/v/t51.2885-15/e35/p1080x1080/118591969_633342350950282_7943617597794465462_n.jpg?_nc_ht=scontent-iad3-1.cdninstagram.com&_nc_cat=110&_nc_ohc=7JZDKHIXz88AX-rg9GP&tp=1&oh=5f06a704b740082aca28660460feecb5&oe=5FE847F6,https://scontent-iad3-1.cdninstagram.com/v/t51.2885-15/e35/p1080x1080/118591969_633342350950282_7943617597794465462_n.jpg?_nc_ht=scontent-iad3-1.cdninstagram.com&_nc_cat=110&_nc_ohc=7JZDKHIXz88AX-rg9GP&tp=1&oh=5f06a704b740082aca28660460feecb5&oe=5FE847F6,no,FALSE,,,These Fresh Fruit Summer Slushies are the perfect cure for the end-of-summer blues. Swipe to see the recipe and tag us in your posts!:sun_selector:,0,0,156,0,156,,
,,,,,,,,,,,,,,,,
CEeytj8Jr46,albertsons,8/29/2020 17:11,https://scontent-iad3-1.cdninstagram.com/v/t51.2885-15/e35/p1080x1080/118601796_658009551764314_2743878061716148539_n.jpg?_nc_ht=scontent-iad3-1.cdninstagram.com&_nc_cat=110&_nc_ohc=I5bPsuH2EmwAX-HgLEb&tp=1&oh=b5fc3673b609d9aa58eadd5298718aff&oe=5FE810F7,https://scontent-iad3-1.cdninstagram.com/v/t51.2885-15/e35/p1080x1080/118601796_658009551764314_2743878061716148539_n.jpg?_nc_ht=scontent-iad3-1.cdninstagram.com&_nc_cat=110&_nc_ohc=I5bPsuH2EmwAX-HgLEb&tp=1&oh=b5fc3673b609d9aa58eadd5298718aff&oe=5FE810F7,no,FALSE,icecreamnight,hertastylife,Pretty please with a cherry on a top? #IceCreamNight :camera_with_flash:: @hertastylife,0,0,242,2,244,,
,,,,,,,,,,,,,,,,
CEcZFGFJOFI,albertsons,8/28/2020 18:49,https://scontent-iad3-1.cdninstagram.com/v/t51.2885-15/e35/118346075_3545896698756305_411308225155301249_n.jpg?_nc_ht=scontent-iad3-1.cdninstagram.com&_nc_cat=105&_nc_ohc=1U96P0ZJeXAAX_39tkU&tp=1&oh=2c9365d2ed57754264960205c4917df8&oe=5FC0291D,https://scontent-iad3-1.cdninstagram.com/v/t50.2886-16/118377475_794148877995986_6661320342044177477_n.mp4?_nc_ht=scontent-iad3-1.cdninstagram.com&_nc_cat=102&_nc_ohc=ELfvly8D4qUAX_1-_m3&oe=5FBFE02B&oh=c96af130afef04e5ed064df2914f9d3b,yes,FALSE,,,Happy Red Wine Day! :wine_glass:,1216,9.605,142,5,147,,
,,,,,,,,,,,,,,,,
CEZ9fB1ps6X,albertsons,8/27/2020 20:09,https://scontent-iad3-1.cdninstagram.com/v/t51.2885-15/e35/s1080x1080/118601631_369814634012806_4780380695086090936_n.jpg?_nc_ht=scontent-iad3-1.cdninstagram.com&_nc_cat=110&_nc_ohc=JJdPU_A_yWcAX81MWGE&tp=1&oh=d17475f656a2aa2340c96bf6287772b6&oe=5FE922A3,https://scontent-iad3-1.cdninstagram.com/v/t51.2885-15/e35/s1080x1080/118601631_369814634012806_4780380695086090936_n.jpg?_nc_ht=scontent-iad3-1.cdninstagram.com&_nc_cat=110&_nc_ohc=JJdPU_A_yWcAX81MWGE&tp=1&oh=d17475f656a2aa2340c96bf6287772b6&oe=5FE922A3,no,FALSE,,,Succulents are a fun way to spruce up a home or home office! Vote for your favorite houseplants on our story!,0,0,427,7,434,,
,,,,,,,,,,,,,,,,
CEXG189JlGP,albertsons,8/26/2020 17:33,https://scontent-iad3-1.cdninstagram.com/v/t51.2885-15/e35/117592501_826836257854613_6995896269510407619_n.jpg?_nc_ht=scontent-iad3-1.cdninstagram.com&_nc_cat=105&_nc_ohc=PeAvMkOxGacAX_Vbf3K&tp=1&oh=b85975cd4817984826774b12d17f38fc&oe=5FBFEACA,https://scontent-iad3-1.cdninstagram.com/v/t50.2886-16/118247741_642523523063104_7016302302707646448_n.mp4?efg=eyJ2ZW5jb2RlX3RhZyI6InZ0c192b2RfdXJsZ2VuLjcyMC5mZWVkLmRlZmF1bHQiLCJxZV9ncm91cHMiOiJbXCJpZ193ZWJfZGVsaXZlcnlfdnRzX290ZlwiXSJ9&_nc_ht=scontent-iad3-1.cdninstagram.com&_nc_cat=104&_nc_ohc=zIwIlrVu8RAAX-MNLfx&vs=17900398237544906_784930909&_nc_vs=HBkcFQAYJEdEMVJEQWRBSFZvcVgwZ0NBUEQtcERYRjZWNWhia1lMQUFBRhUAAsgBACgAGAAbABUAACaU1OvKp5TMPxUCKAJDMywXQBQAAAAAAAAYEmRhc2hfYmFzZWxpbmVfMV92MREAdeoHAA%3D%3D&oe=5FC028AF&oh=d0b9b580b2aa32710fd7637456441dd3,yes,FALSE,,,Today is Women's Equality Day. Take a moment to celebrate the women in your life! :blue_heart:,2019,5,276,6,282,,
,,,,,,,,,,,,,,,,
CEUk7syJYRQ,albertsons,8/25/2020 17:58,https://scontent-iad3-1.cdninstagram.com/v/t51.2885-15/e35/s1080x1080/118192023_302078554223111_4963779930450982140_n.jpg?_nc_ht=scontent-iad3-1.cdninstagram.com&_nc_cat=111&_nc_ohc=LinVE9_311kAX_pQtVX&tp=1&oh=fc0ba671d430b3386dda6a04afe25733&oe=5FE80004,https://scontent-iad3-1.cdninstagram.com/v/t51.2885-15/e35/s1080x1080/118192023_302078554223111_4963779930450982140_n.jpg?_nc_ht=scontent-iad3-1.cdninstagram.com&_nc_cat=111&_nc_ohc=LinVE9_311kAX_pQtVX&tp=1&oh=fc0ba671d430b3386dda6a04afe25733&oe=5FE80004,no,FALSE,,,Get back to classes with a smile! :winking_face_with_tongue:,0,0,265,11,276,,
,,,,,,,,,,,,,,,,
CER8bErp6TW,albertsons,8/24/2020 17:26,https://scontent-iad3-1.cdninstagram.com/v/t51.2885-15/e35/s1080x1080/118481552_324708222105807_819792140681094913_n.jpg?_nc_ht=scontent-iad3-1.cdninstagram.com&_nc_cat=103&_nc_ohc=M4YF8rstNuIAX_xC7yo&tp=1&oh=a4eb92fdcfac92c8856f3c3005e19cd4&oe=5FE56ABD,https://scontent-iad3-1.cdninstagram.com/v/t51.2885-15/e35/s1080x1080/118481552_324708222105807_819792140681094913_n.jpg?_nc_ht=scontent-iad3-1.cdninstagram.com&_nc_cat=103&_nc_ohc=M4YF8rstNuIAX_xC7yo&tp=1&oh=a4eb92fdcfac92c8856f3c3005e19cd4&oe=5FE56ABD,no,FALSE,,,Feeling snacky? How about nachos? We’ve got unique ideas for your next nacho night on our story. Check them out and drop your favorite below!,0,0,223,10,233,,
,,,,,,,,,,,,,,,,
CEKFAMXJvqe,albertsons,8/21/2020 16:07,https://scontent-iad3-1.cdninstagram.com/v/t51.2885-15/e35/s1080x1080/117821427_987655971701477_1322479808242668273_n.jpg?_nc_ht=scontent-iad3-1.cdninstagram.com&_nc_cat=105&_nc_ohc=wYFLYHYYA7wAX_XmgDw&tp=1&oh=c0e73714aecb95b5c0c13f0c895320b7&oe=5FE7B97B,https://scontent-iad3-1.cdninstagram.com/v/t51.2885-15/e35/s1080x1080/117821427_987655971701477_1322479808242668273_n.jpg?_nc_ht=scontent-iad3-1.cdninstagram.com&_nc_cat=105&_nc_ohc=wYFLYHYYA7wAX_XmgDw&tp=1&oh=c0e73714aecb95b5c0c13f0c895320b7&oe=5FE7B97B,no,FALSE,,munchkintimeblog,Seafood + grilling = perfect summer meal! Check out our story for this great shrimp skewers recipe from @munchkintimeblog,0,0,180,3,183,,
,,,,,,,,,,,,,,,,
CEHjvlCJVE2,albertsons,8/20/2020 16:38,https://scontent-iad3-1.cdninstagram.com/v/t51.2885-15/e35/p1080x1080/117754144_3531823610218590_2742553061479828922_n.jpg?_nc_ht=scontent-iad3-1.cdninstagram.com&_nc_cat=106&_nc_ohc=r91QiIHxjp8AX8ythHn&tp=1&oh=099ec06b3a751ca945a8a0aaa32a4d50&oe=5FE5D473,https://scontent-iad3-1.cdninstagram.com/v/t51.2885-15/e35/p1080x1080/117754144_3531823610218590_2742553061479828922_n.jpg?_nc_ht=scontent-iad3-1.cdninstagram.com&_nc_cat=106&_nc_ohc=r91QiIHxjp8AX8ythHn&tp=1&oh=099ec06b3a751ca945a8a0aaa32a4d50&oe=5FE5D473,no,FALSE,,,"Cool off with these healthy and delicious, Homemade Yogurt Pops! They are sure to satisfy your sweet tooth!",0,0,234,5,239,,
,,,,,,,,,,,,,,,,
CEE3McTJvNR,albertsons,8/19/2020 15:30,https://scontent-iad3-1.cdninstagram.com/v/t51.2885-15/e35/p1080x1080/118005855_762036247879466_8518742197174339689_n.jpg?_nc_ht=scontent-iad3-1.cdninstagram.com&_nc_cat=102&_nc_ohc=7HcD3YXlx-YAX_zPEJm&tp=1&oh=94d07c44c90174a023c1c649e96680c0&oe=5FE7F120,https://scontent-iad3-1.cdninstagram.com/v/t51.2885-15/e35/p1080x1080/118005855_762036247879466_8518742197174339689_n.jpg?_nc_ht=scontent-iad3-1.cdninstagram.com&_nc_cat=102&_nc_ohc=7HcD3YXlx-YAX_zPEJm&tp=1&oh=94d07c44c90174a023c1c649e96680c0&oe=5FE7F120,no,FALSE,,thestephglover,What are you cooking up this week? Tag us in your food posts and show us your grill skills. Image from @thestephglover,0,0,259,9,268,,
,,,,,,,,,,,,,,,,
CECSZppJ8dF,albertsons,8/18/2020 15:30,https://scontent-iad3-1.cdninstagram.com/v/t51.2885-15/e35/s1080x1080/117646409_676617572941108_7952421563682413261_n.jpg?_nc_ht=scontent-iad3-1.cdninstagram.com&_nc_cat=104&_nc_ohc=hu5dvd6PrNIAX9-8wDc&tp=1&oh=490ae85e30331a7da171453b0ca91ae9&oe=5FE6C516,https://scontent-iad3-1.cdninstagram.com/v/t51.2885-15/e35/s1080x1080/117646409_676617572941108_7952421563682413261_n.jpg?_nc_ht=scontent-iad3-1.cdninstagram.com&_nc_cat=104&_nc_ohc=hu5dvd6PrNIAX9-8wDc&tp=1&oh=490ae85e30331a7da171453b0ca91ae9&oe=5FE6C516,no,FALSE,,,A flank steak salad combines healthy and delicious for the perfect lunch! Drop a comment below and let us know what you’re treating yourself to today :fork_and_knife_with_plate:,0,0,237,4,241,,
,,,,,,,,,,,,,,,,
CEAJSyWpffd,albertsons,8/17/2020 19:32,https://scontent-iad3-1.cdninstagram.com/v/t51.2885-15/e35/s1080x1080/117730390_591932784828552_7087326506748065891_n.jpg?_nc_ht=scontent-iad3-1.cdninstagram.com&_nc_cat=100&_nc_ohc=xLcJt_OWz_UAX_kPeqF&tp=1&oh=cf355364fdc69aa496ff8b66b8071150&oe=5FE80D1C,https://scontent-iad3-1.cdninstagram.com/v/t51.2885-15/e35/s1080x1080/117730390_591932784828552_7087326506748065891_n.jpg?_nc_ht=scontent-iad3-1.cdninstagram.com&_nc_cat=100&_nc_ohc=xLcJt_OWz_UAX_kPeqF&tp=1&oh=cf355364fdc69aa496ff8b66b8071150&oe=5FE80D1C,no,FALSE,,eaturselfskinny,We all scream for ice cream (sandwiches)! We love these oatmeal chocolate chip cookie sandwiches from @eaturselfskinny Mix and match your favorite flavors for a sweet summer treat!,0,0,255,22,277,,
,,,,,,,,,,,,,,,,
CD9AFYppqqa,albertsons,8/16/2020 14:14,https://scontent-iad3-1.cdninstagram.com/v/t51.2885-15/e35/s1080x1080/117530681_323663875442538_913472813545623859_n.jpg?_nc_ht=scontent-iad3-1.cdninstagram.com&_nc_cat=106&_nc_ohc=cAt-502Wp3UAX9xZqql&tp=1&oh=e5116f27b0c1fbb0fef94b66e8e0fdfc&oe=5FE7F7FC,https://scontent-iad3-1.cdninstagram.com/v/t51.2885-15/e35/s1080x1080/117530681_323663875442538_913472813545623859_n.jpg?_nc_ht=scontent-iad3-1.cdninstagram.com&_nc_cat=106&_nc_ohc=cAt-502Wp3UAX9xZqql&tp=1&oh=e5116f27b0c1fbb0fef94b66e8e0fdfc&oe=5FE7F7FC,no,FALSE,,,"As kids start catching buses or logging into class, they need brain food! Check out our story for this pesto turkey pinwheel bento box! :hugging_face:",0,0,287,11,298,,
,,,,,,,,,,,,,,,,
CD6dOssJPE3,albertsons,8/15/2020 14:31,https://scontent-iad3-1.cdninstagram.com/v/t51.2885-15/e35/s1080x1080/117632722_342237623620670_9012567857465616025_n.jpg?_nc_ht=scontent-iad3-1.cdninstagram.com&_nc_cat=102&_nc_ohc=SS7uNJemVWEAX92P-vD&tp=1&oh=25d9db07e0c7f444934c2cdc67671c64&oe=5FE8D2CF,https://scontent-iad3-1.cdninstagram.com/v/t51.2885-15/e35/s1080x1080/117632722_342237623620670_9012567857465616025_n.jpg?_nc_ht=scontent-iad3-1.cdninstagram.com&_nc_cat=102&_nc_ohc=SS7uNJemVWEAX92P-vD&tp=1&oh=25d9db07e0c7f444934c2cdc67671c64&oe=5FE8D2CF,no,FALSE,,fabeveryday,Need ideas for pizza night? Swipe through to see @fabeveryday awesome BBQ Chicken Pizza!,0,0,276,2,278,,
,,,,,,,,,,,,,,,,
CD4A-ofpzfw,albertsons,8/14/2020 15:45,https://scontent-iad3-1.cdninstagram.com/v/t51.2885-15/e35/p1080x1080/117653495_298123927922020_8767249308137907087_n.jpg?_nc_ht=scontent-iad3-1.cdninstagram.com&_nc_cat=104&_nc_ohc=jAM1eUQzBoYAX9y-92u&tp=1&oh=51284b91d4d5f2cdb53840a9ddac91e4&oe=5FE8D0BD,https://scontent-iad3-1.cdninstagram.com/v/t51.2885-15/e35/p1080x1080/117653495_298123927922020_8767249308137907087_n.jpg?_nc_ht=scontent-iad3-1.cdninstagram.com&_nc_cat=104&_nc_ohc=jAM1eUQzBoYAX9y-92u&tp=1&oh=51284b91d4d5f2cdb53840a9ddac91e4&oe=5FE8D0BD,no,FALSE,,sugarandsoulco,These apple slice “donut” treats are sure to be a kid favorite! A cream cheese and yogurt spread and colorful toppings on a crunchy apple slice is a healthy version of one of our favorites. Thanks @sugarandsoulco for the idea :doughnut:,0,0,244,2,246,,
,,,,,,,,,,,,,,,,
CD1bk1iJG6A,albertsons,8/13/2020 15:40,https://scontent-iad3-1.cdninstagram.com/v/t51.2885-15/e35/p1080x1080/117331963_327374704978659_616286123690682405_n.jpg?_nc_ht=scontent-iad3-1.cdninstagram.com&_nc_cat=103&_nc_ohc=QfzIShX9-88AX8YVE_o&tp=1&oh=ba69cd819365f245e3785dc09ca0d094&oe=5FE59DFD,https://scontent-iad3-1.cdninstagram.com/v/t51.2885-15/e35/p1080x1080/117331963_327374704978659_616286123690682405_n.jpg?_nc_ht=scontent-iad3-1.cdninstagram.com&_nc_cat=103&_nc_ohc=QfzIShX9-88AX8YVE_o&tp=1&oh=ba69cd819365f245e3785dc09ca0d094&oe=5FE59DFD,no,FALSE,,wearenotmartha,It’s cherry season:cherries:These delicious fruits aren’t just for dessert –try them in a fresh cherry salsa over fish tacos for a summer dish that everyone will love. Full recipe from @wearenotmartha,0,0,308,6,314,,
,,,,,,,,,,,,,,,,
CDywKpDJ9nG,albertsons,8/12/2020 14:43,https://scontent-iad3-1.cdninstagram.com/v/t51.2885-15/e35/117368923_1634601746706747_5687092469084829662_n.jpg?_nc_ht=scontent-iad3-1.cdninstagram.com&_nc_cat=103&_nc_ohc=6D6Ju2nMtP8AX9pbZoT&tp=1&oh=d1344ebea081a2d278af099a44ab68de&oe=5FBFC86C,https://scontent-iad3-1.cdninstagram.com/v/t50.2886-16/117352191_101540068319007_1713283087201689440_n.mp4?efg=eyJ2ZW5jb2RlX3RhZyI6InZ0c192b2RfdXJsZ2VuLjcyMC5mZWVkLmRlZmF1bHQiLCJxZV9ncm91cHMiOiJbXCJpZ193ZWJfZGVsaXZlcnlfdnRzX290ZlwiXSJ9&_nc_ht=scontent-iad3-1.cdninstagram.com&_nc_cat=103&_nc_ohc=OL8sqSi0TpAAX9p5Kut&vs=17877459535758426_3841187105&_nc_vs=HBkcFQAYJEdQX20tZ1lmMzdPaldWd0FBR0JmVi1UanpjWVhia1lMQUFBRhUAAsgBACgAGAAbABUAACa0g571jN3BPxUCKAJDMywXQDZdsi0OVgQYEmRhc2hfYmFzZWxpbmVfMV92MREAdeoHAA%3D%3D&oe=5FBFCB78&oh=1c5ffb48dc1a5990a8cce1a641c0f8ec,yes,FALSE,,,"Whether school is in person or online, back to school season is upon us. Stop by your local store for all your back to school lunch needs! :nerd_face:",524,22.348,67,3,70,,
,,,,,,,,,,,,,,,,
CDwPJolJJIV,albertsons,8/11/2020 15:15,https://scontent-iad3-1.cdninstagram.com/v/t51.2885-15/e35/s1080x1080/117212279_2633470303572827_1058691280355421023_n.jpg?_nc_ht=scontent-iad3-1.cdninstagram.com&_nc_cat=111&_nc_ohc=sLWzLfAa5bkAX9oT3Fq&tp=1&oh=227f3c2fa40dc0629035d6ac0f6c857d&oe=5FE625B4,https://scontent-iad3-1.cdninstagram.com/v/t51.2885-15/e35/s1080x1080/117212279_2633470303572827_1058691280355421023_n.jpg?_nc_ht=scontent-iad3-1.cdninstagram.com&_nc_cat=111&_nc_ohc=sLWzLfAa5bkAX9oT3Fq&tp=1&oh=227f3c2fa40dc0629035d6ac0f6c857d&oe=5FE625B4,no,FALSE,,,"Eating right is one of the best ways to boost your immunity, and Registered Dietitian Molly has some awesome tips for how to do that! Check out our story for delicious ways to help keep illness at bay :face_savoring_food:",0,0,284,20,304,,
,,,,,,,,,,,,,,,,
CDuMROuJrFp,albertsons,8/10/2020 20:11,https://scontent-iad3-1.cdninstagram.com/v/t51.2885-15/e35/s1080x1080/117267966_305499110792151_383100917491445215_n.jpg?_nc_ht=scontent-iad3-1.cdninstagram.com&_nc_cat=103&_nc_ohc=EjeOFCygCX0AX_2AAnL&tp=1&oh=7d3805c0a5d9bc623da62d5b214f8fd9&oe=5FE696DE,https://scontent-iad3-1.cdninstagram.com/v/t51.2885-15/e35/s1080x1080/117267966_305499110792151_383100917491445215_n.jpg?_nc_ht=scontent-iad3-1.cdninstagram.com&_nc_cat=103&_nc_ohc=EjeOFCygCX0AX_2AAnL&tp=1&oh=7d3805c0a5d9bc623da62d5b214f8fd9&oe=5FE696DE,no,FALSE,nationalsmoresday,,How do you like your marshmallows—burnt to a crisp or golden and toasted? :fire: #NationalSmoresDay,0,0,397,59,456,,
